reference_symbol,matrix_symbol,entrez_id,n_aliases_in_vocabulary,resolution
AARS1,AARS,16,1,accepted
ABHD18,C4orf29,80167,1,accepted
ABITRAM,FAM206A,54942,1,accepted
ABRAXAS1,FAM175A,84142,1,accepted
ABRAXAS2,FAM175B,23172,1,accepted
ABTB3,BTBD11,121551,1,accepted
ACP3,ACPP,55,1,accepted
ACP7,PAPL,390928,1,accepted
ACSM6,C10orf129,142827,1,accepted
ACTMAP,C19orf54,284325,1,accepted
ADA2,CECR1,51816,1,accepted
ADGRA2,GPR124,25960,1,accepted
ADGRA3,GPR125,166647,1,accepted
ADGRB1,BAI1,575,1,accepted
ADGRB2,BAI2,576,1,accepted
ADGRD1,GPR133,283383,1,accepted
ADGRE1,EMR1,2015,1,accepted
ADGRE3,EMR3,84658,1,accepted
ADGRE5,CD97,976,1,accepted
ADGRF1,GPR110,266977,1,accepted
ADGRF3,GPR113,165082,1,accepted
ADGRF5,GPR116,221395,1,accepted
ADGRG1,GPR56,9289,1,accepted
ADGRG2,GPR64,10149,1,accepted
ADGRG3,GPR97,222487,1,accepted
ADGRG5,GPR114,221188,1,accepted
ADGRG6,GPR126,57211,1,accepted
ADGRG7,GPR128,84873,1,accepted
ADGRL1,LPHN1,22859,1,accepted
ADGRV1,GPR98,84059,1,accepted
ADISSP,C20orf27,54976,1,accepted
ADPRS,ADPRHL2,54936,1,accepted
ADSS1,ADSSL1,122622,1,accepted
ADSS2,ADSS,159,1,accepted
AFDN,MLLT4,4301,1,accepted
AFG1L,LACE1,246269,1,accepted
AFG2A,SPATA5,166378,1,accepted
AFG2B,SPATA5L1,79029,1,accepted
AGAP7P,AGAP7,653268,1,accepted
AHSA2P,AHSA2,130872,1,accepted
AIRIM,C1orf109,54955,1,accepted
AJM1,C9orf172,389813,1,accepted
AKR1C8,AKR1CL1,340811,1,accepted
ANOS1,KAL1,3730,1,accepted
ANTKMT,FAM173A,65990,1,accepted
AOPEP,C9orf3,84909,1,accepted
ARB2A,FAM172A,83989,1,accepted
ARFGEF3,KIAA1244,57221,1,accepted
ARHGAP45,HMHA1,23526,1,accepted
ARK2C,RNF165,494470,1,accepted
ARK2N,C18orf25,147339,1,accepted
ARLN,C4orf3,401152,1,accepted
ARMH3,C10orf76,79591,1,accepted
ARMH4,C14orf37,145407,1,accepted
ARPIN,C15orf38,348110,1,accepted
ATE1OSP,ATE1-AS1,100130887,1,accepted
ATG101,C12orf44,60673,1,accepted
ATOSB,FAM214B,80256,1,accepted
ATP23,XRCC6BP1,91419,1,accepted
ATP5F1A,ATP5A1,498,1,accepted
ATP5F1B,ATP5B,506,1,accepted
ATP5F1C,ATP5C1,509,1,accepted
ATP5F1D,ATP5D,513,1,accepted
ATP5F1E,ATP5E,514,1,accepted
ATP5F1EP2,ATP5EP2,432369,1,accepted
ATP5IF1,ATPIF1,93974,1,accepted
ATP5MC1,ATP5G1,516,1,accepted
ATP5MC2,ATP5G2,517,1,accepted
ATP5MC3,ATP5G3,518,1,accepted
ATP5ME,ATP5I,521,1,accepted
ATP5MF,ATP5J2,9551,1,accepted
ATP5MG,ATP5L,10632,1,accepted
ATP5MGL,ATP5L2,267020,1,accepted
ATP5MJ,C14orf2,9556,1,accepted
ATP5MK,USMG5,84833,1,accepted
ATP5PB,ATP5F1,515,1,accepted
ATP5PD,ATP5H,10476,1,accepted
ATP5PF,ATP5J,522,1,accepted
ATP5PO,ATP5O,539,1,accepted
ATPSCKMT,FAM173B,134145,1,accepted
B3GLCT,B3GALTL,145173,1,accepted
B4GAT1,B3GNT1,11041,1,accepted
BABAM2,BRE,9577,1,accepted
BACC1,C17orf49,124944,1,accepted
BBLN,C9orf16,79095,1,accepted
BBOF1,CCDC176,80127,1,accepted
BCLAF3,CXorf23,256643,1,accepted
BEX3,NGFRAP1,27018,1,accepted
BICDL1,CCDC64,92558,1,accepted
BICDL2,CCDC64B,146439,1,accepted
BICRA,GLTSCR1,29998,1,accepted
BICRAL,GLTSCR1L,23506,1,accepted
BLTP1,KIAA1109,84162,1,accepted
BLTP2,KIAA0100,9703,1,accepted
BLTP3A,UHRF1BP1,54887,1,accepted
BLTP3B,UHRF1BP1L,23074,1,accepted
BMAL1,ARNTL,406,1,accepted
BMAL2,ARNTL2,56938,1,accepted
BMERB1,C16orf45,89927,1,accepted
BORCS5,LOH12CR1,118426,1,accepted
BORCS6,C17orf59,54785,1,accepted
BORCS7,C10orf32,119032,1,accepted
BORCS8,MEF2BNB,729991,1,accepted
BPNT2,IMPAD1,54928,1,accepted
BRME1,C19orf57,79173,1,accepted
BUD23,WBSCR22,114049,1,accepted
C1QTNF12,FAM132A,388581,1,accepted
CABCOCO1,C10orf107,219621,1,accepted
CALHM6,FAM26F,441168,1,accepted
CARD17P,CARD17,440068,1,accepted
CARD19,C9orf89,84270,1,accepted
CARMIL1,LRRC16A,55604,1,accepted
CARMIL2,RLTPR,146206,1,accepted
CARMIL3,LRRC16B,90668,1,accepted
CARMN,MIR143HG,728264,1,accepted
CARNMT1,C9orf41,138199,1,accepted
CARS1,CARS,833,1,accepted
CASTOR1,GATSL3,652968,1,accepted
CASTOR2,GATSL2,729438,1,accepted
CASTOR3P,GATS,352954,1,accepted
CATIP,C2orf62,375307,1,accepted
CATSPERE,C1orf101,257044,1,accepted
CATSPERZ,TEX40,25858,1,accepted
CAVIN1,PTRF,284119,1,accepted
CAVIN2,SDPR,8436,1,accepted
CAVIN3,PRKCDBP,112464,1,accepted
CAVIN4,MURC,347273,1,accepted
CBLL2,ZNF645,158506,1,accepted
CCDC184,C12orf68,387856,1,accepted
CCDC186,C10orf118,55088,1,accepted
CCDC198,C14orf105,55195,1,accepted
CCDC32,C15orf57,90416,1,accepted
CCN4,WISP1,8840,1,accepted
CCN6,WISP3,8838,1,accepted
CCNP,CNTD2,79935,1,accepted
CCNQ,FAM58A,92002,1,accepted
CDIN1,C15orf41,84529,1,accepted
CEBPZOS,CEBPZ-AS1,100505876,1,accepted
CEMIP,KIAA1199,57214,1,accepted
CEMIP2,TMEM2,23670,1,accepted
CENATAC,CCDC84,338657,1,accepted
CENPS,APITD1,378708,1,accepted
CENPX,STRA13,201254,1,accepted
CEP126,KIAA1377,57562,1,accepted
CEP131,AZI1,22994,1,accepted
CEP15,C3orf14,57415,1,accepted
CEP162,KIAA1009,22832,1,accepted
CEP20,FOPNL,123811,1,accepted
CEP295,KIAA1731,85459,1,accepted
CEP295NL,DDC8,100653515,1,accepted
CEP43,FGFR1OP,11116,1,accepted
CEP83,CCDC41,51134,1,accepted
CERT1,COL4A3BP,10087,1,accepted
CFAP100,CCDC37,348807,1,accepted
CFAP119,C16orf93,90835,1,accepted
CFAP126,C1orf192,257177,1,accepted
CFAP141,C1orf189,388701,1,accepted
CFAP144P1,FAM183B,340286,1,accepted
CFAP157,C9orf117,286207,1,accepted
CFAP161,C15orf26,161502,1,accepted
CFAP184,CCDC96,257236,1,accepted
CFAP20,C16orf80,29105,1,accepted
CFAP206,C6orf165,154313,1,accepted
CFAP210,CCDC173,129881,1,accepted
CFAP221,PCDP1,200373,1,accepted
CFAP251,WDR66,144406,1,accepted
CFAP263,CCDC113,29070,1,accepted
CFAP276,C1orf194,127003,1,accepted
CFAP298,C21orf59,56683,1,accepted
CFAP36,CCDC104,112942,1,accepted
CFAP410,C21orf2,755,1,accepted
CFAP418,C8orf37,157657,1,accepted
CFAP43,WDR96,80217,1,accepted
CFAP44,WDR52,55779,1,accepted
CFAP45,CCDC19,25790,1,accepted
CFAP46,TTC40,54777,1,accepted
CFAP53,CCDC11,220136,1,accepted
CFAP54,C12orf55,144535,1,accepted
CFAP57,WDR65,149465,1,accepted
CFAP58,CCDC147,159686,1,accepted
CFAP61,C20orf26,26074,1,accepted
CFAP68,C11orf1,64776,1,accepted
CFAP69,C7orf63,79846,1,accepted
CFAP70,TTC18,118491,1,accepted
CFAP74,C1orf222,85452,1,accepted
CFAP77,C9orf171,389799,1,accepted
CFAP90,C5orf49,134121,1,accepted
CFAP91,MAATS1,89876,1,accepted
CFAP95,C9orf135,138255,1,accepted
CFAP96,C4orf47,441054,1,accepted
CGAS,MB21D1,115004,1,accepted
CHLSN,C7orf50,84310,1,accepted
CIAO2A,FAM96A,84191,1,accepted
CIAO2B,FAM96B,51647,1,accepted
CIAO3,NARFL,64428,1,accepted
CIART,C1orf51,148523,1,accepted
CIBAR1,FAM92A1,137392,1,accepted
CILK1,ICK,22858,1,accepted
CIMAP1A,ODF3,113746,1,accepted
CIMAP1B,ODF3B,440836,1,accepted
CIMAP3,PIFO,128344,1,accepted
CIMIP2A,FAM166A,401565,1,accepted
CIMIP2B,FAM166B,730112,1,accepted
CIMIP5,C2orf50,130813,1,accepted
CIP2A,KIAA1524,57650,1,accepted
CIROZ,C1orf127,148345,1,accepted
CLBA1,C14orf79,122616,1,accepted
CLTRN,TMEM27,57393,1,accepted
CNOT9,RQCD1,9125,1,accepted
COA8,APOPT1,84334,1,accepted
COP1,RFWD2,64326,1,accepted
COPS9,MYEOV2,150678,1,accepted
COQ8A,ADCK3,56997,1,accepted
COQ8B,ADCK4,79934,1,accepted
CPAP,CENPJ,55835,1,accepted
CPLANE1,C5orf42,65250,1,accepted
CPLANE2,RSG1,79363,1,accepted
CPTP,GLTPD1,80772,1,accepted
CRACD,KIAA1211,57482,1,accepted
CRACR2A,EFCAB4B,84766,1,accepted
CRACR2B,EFCAB4A,283229,1,accepted
CRPPA,ISPD,729920,1,accepted
CRYBG1,AIM1,202,1,accepted
CRYBG2,AIM1L,55057,1,accepted
CSKMT,METTL12,751071,1,accepted
CSTPP1,C11orf49,79096,1,accepted
CTBP1-DT,CTBP1-AS2,92070,1,accepted
CXCL8,IL8,3576,1,accepted
CYBC1,C17orf62,79415,1,accepted
CYREN,C7orf49,78996,1,accepted
CYRIA,FAM49A,81553,1,accepted
CYRIB,FAM49B,51571,1,accepted
CYSRT1,C9orf169,375791,1,accepted
DARS1,DARS,1615,1,accepted
DCAF1,VPRBP,9730,1,accepted
DDIAS,C11orf82,220042,1,accepted
DEFB131A,DEFB131,644414,1,accepted
DELE1,KIAA0141,9812,1,accepted
DELEC1,DEC1,50514,1,accepted
DENND10,FAM45A,404636,1,accepted
DENND11,KIAA1147,57189,1,accepted
DENND2B,ST5,6764,1,accepted
DEPP1,C10orf10,11067,1,accepted
DGLUCY,C14orf159,80017,1,accepted
DHFR2,DHFRL1,200895,1,accepted
DIPK1A,FAM69A,388650,1,accepted
DIPK1B,FAM69B,138311,1,accepted
DIPK2A,C3orf58,205428,1,accepted
DISP3,PTCHD2,57540,1,accepted
DLX5,SHFM1,1749,1,accepted
DMAC1,TMEM261,90871,1,accepted
DMAC2,ATP5SL,55101,1,accepted
DMAC2L,ATP5S,27109,1,accepted
DNAAF10,WDR92,116143,1,accepted
DNAAF11,LRRC6,23639,1,accepted
DNAAF19,CCDC103,388389,1,accepted
DNAAF4,DYX1C1,161582,1,accepted
DNAAF5,HEATR2,54919,1,accepted
DNAAF8,C16orf71,146562,1,accepted
DNAI3,WDR63,126820,1,accepted
DNAI4,WDR78,79819,1,accepted
DNAI7,CASC1,55259,1,accepted
DOP1A,DOPEY1,23033,1,accepted
DOP1B,DOPEY2,9980,1,accepted
DORIP1,C14orf28,122525,1,accepted
DRC3,LRRC48,83450,1,accepted
DYNC2I1,WDR60,55112,1,accepted
DYNC2I2,WDR34,89891,1,accepted
DYNLT2,TCTE3,6991,1,accepted
DYNLT2B,TCTEX1D2,255758,1,accepted
DYNLT4,TCTEX1D4,343521,1,accepted
DYNLT5,TCTEX1D1,200132,1,accepted
ECPAS,KIAA0368,23392,1,accepted
ECRG4,C2orf40,84417,1,accepted
EEF1AKMT1,N6AMT2,221143,1,accepted
EEF1AKMT2,METTL10,399818,1,accepted
EEF1AKMT3,METTL21B,25895,1,accepted
EEF2KMT,FAM86A,196483,1,accepted
EEIG1,FAM102A,399665,1,accepted
EFL1,EFTUD1,79631,1,accepted
EIF2S3B,EIF2S3L,255308,1,accepted
EIPR1,TSSC1,7260,1,accepted
ELAPOR1,KIAA1324,57535,1,accepted
ELAPOR2,KIAA1324L,222223,1,accepted
ELOA,TCEB3,6924,1,accepted
ELOB,TCEB2,6923,1,accepted
ELOC,TCEB1,6921,1,accepted
ELP1,IKBKAP,8518,1,accepted
EMSY,C11orf30,56946,1,accepted
ENTR1,SDCCAG3,10807,1,accepted
ENTREP1,FAM189A2,9413,1,accepted
ENTREP2,FAM189A1,23359,1,accepted
ENTREP3,FAM189B,10712,1,accepted
EOLA1,CXorf40A,91966,1,accepted
EOLA2,CXorf40B,541578,1,accepted
EP400P1,EP400NL,347918,1,accepted
EPCIP,C21orf62,56245,1,accepted
EPOP,C17orf96,100170841,1,accepted
ERBIN,ERBB2IP,55914,1,accepted
ERFE,FAM132B,151176,1,accepted
ERG28,C14orf1,11161,1,accepted
ERICH3,C1orf173,127254,1,accepted
ERICH5,C8orf47,203111,1,accepted
ERO1A,ERO1L,30001,1,accepted
ERO1B,ERO1LB,56605,1,accepted
ESS2,DGCR14,8220,1,accepted
ETFBKMT,METTL20,254013,1,accepted
ETFRF1,LYRM5,144363,1,accepted
EZHIP,CXorf67,340602,1,accepted
FAAP100,C17orf70,80233,1,accepted
FAAP20,C1orf86,199990,1,accepted
FAAP24,C19orf40,91442,1,accepted
FAM234A,ITFG3,83986,1,accepted
FAM234B,KIAA1467,57613,1,accepted
FAM241A,C4orf32,132720,1,accepted
FAM86C1P,FAM86C1,55199,1,accepted
FBH1,FBXO18,84893,1,accepted
FCMR,FAIM3,9214,1,accepted
FCSK,FUK,197258,1,accepted
FDX2,FDX1L,112812,1,accepted
FERRY3,C12orf4,57102,1,accepted
FHIP1A,FAM160A1,729830,1,accepted
FHIP1B,FAM160A2,84067,1,accepted
FHIP2A,FAM160B1,57700,1,accepted
FIRRM,C1orf112,55732,1,accepted
FLACC1,ALS2CR12,130540,1,accepted
FMC1,C7orf55,154791,1,accepted
FNDC10,C1orf233,643988,1,accepted
FREY1,C11orf94,143678,1,accepted
FSAF1,C1orf131,128061,1,accepted
FYB1,FYB,2533,1,accepted
G6PC1,G6PC,2538,1,accepted
GADL1,ADC,339896,1,accepted
GAREM1,GAREM,64762,1,accepted
GAREM2,GAREML,150946,1,accepted
GARIN1A,FAM71F2,346653,1,accepted
GARIN2,FAM71D,161142,1,accepted
GARIN3,FAM71B,153745,1,accepted
GARIN5A,FAM71E1,112703,1,accepted
GARRE1,KIAA0355,9710,1,accepted
GASK1A,FAM198A,729085,1,accepted
GASK1B,FAM198B,51313,1,accepted
GATB,PET112,5188,1,accepted
GATD1,PDDC1,347862,1,accepted
GBA1,GBA,2629,1,accepted
GCN1,GCN1L1,10985,1,accepted
GCNA,ACRC,93953,1,accepted
GDF5-AS1,GDF5OS,554250,1,accepted
GET3,ASNA1,439,1,accepted
GFUS,TSTA3,7264,1,accepted
GGT2P,GGT2,728441,1,accepted
GLMP,C1orf85,112770,1,accepted
GNG5B,GNG5P2,347687,1,accepted
GOLGA8IP,GOLGA8I,283796,1,accepted
GOLM2,CASC4,113201,1,accepted
GON7,C14orf142,84520,1,accepted
GPAT3,AGPAT9,84803,1,accepted
GPAT4,AGPAT6,137964,1,accepted
GPRASP3,BHLHB9,80823,1,accepted
GRAMD2B,GRAMD3,65983,1,accepted
GRK2,ADRBK1,156,1,accepted
GRK3,ADRBK2,157,1,accepted
GSDME,DFNA5,1687,1,accepted
GUCY1A1,GUCY1A3,2982,1,accepted
GUCY1B1,GUCY1B3,2983,1,accepted
H1-0,H1F0,3005,1,accepted
H1-1,HIST1H1A,3024,1,accepted
H1-10,H1FX,8971,1,accepted
H1-2,HIST1H1C,3006,1,accepted
H1-3,HIST1H1D,3007,1,accepted
H1-4,HIST1H1E,3008,1,accepted
H1-5,HIST1H1B,3009,1,accepted
H1-7,H1FNT,341567,1,accepted
H2AB1,H2AFB1,474382,1,accepted
H2AC11,HIST1H2AG,8969,1,accepted
H2AC12,HIST1H2AH,85235,1,accepted
H2AC13,HIST1H2AI,8329,1,accepted
H2AC14,HIST1H2AJ,8331,1,accepted
H2AC15,HIST1H2AK,8330,1,accepted
H2AC16,HIST1H2AL,8332,1,accepted
H2AC17,HIST1H2AM,8336,1,accepted
H2AC18,HIST2H2AA3,8337,1,accepted
H2AC20,HIST2H2AC,8338,1,accepted
H2AC21,HIST2H2AB,317772,1,accepted
H2AC25,HIST3H2A,92815,1,accepted
H2AC4,HIST1H2AB,8335,1,accepted
H2AC6,HIST1H2AC,8334,1,accepted
H2AC7,HIST1H2AD,3013,1,accepted
H2AC8,HIST1H2AE,3012,1,accepted
H2AJ,H2AFJ,55766,1,accepted
H2AX,H2AFX,3014,1,accepted
H2AZ1,H2AFZ,3015,1,accepted
H2AZ2,H2AFV,94239,1,accepted
H2BC10,HIST1H2BI,8346,1,accepted
H2BC11,HIST1H2BJ,8970,1,accepted
H2BC12,HIST1H2BK,85236,1,accepted
H2BC13,HIST1H2BL,8340,1,accepted
H2BC14,HIST1H2BM,8342,1,accepted
H2BC15,HIST1H2BN,8341,1,accepted
H2BC17,HIST1H2BO,8348,1,accepted
H2BC18,HIST2H2BF,440689,1,accepted
H2BC21,HIST2H2BE,8349,1,accepted
H2BC26,HIST3H2BB,128312,1,accepted
H2BC3,HIST1H2BB,3018,1,accepted
H2BC4,HIST1H2BC,8347,1,accepted
H2BC6,HIST1H2BE,8344,1,accepted
H2BC7,HIST1H2BF,8343,1,accepted
H2BC8,HIST1H2BG,8339,1,accepted
H2BC9,HIST1H2BH,8345,1,accepted
H2BW2,H2BFM,286436,1,accepted
H3-3A,H3F3A,3020,1,accepted
H3-3B,H3F3B,3021,1,accepted
H3-5,H3F3C,440093,1,accepted
H3-7,HIST2H3PS2,440686,1,accepted
H3C1,HIST1H3A,8350,1,accepted
H3C10,HIST1H3H,8357,1,accepted
H3C11,HIST1H3I,8354,1,accepted
H3C12,HIST1H3J,8356,1,accepted
H3C13,HIST2H3D,653604,1,accepted
H3C2,HIST1H3B,8358,1,accepted
H3C3,HIST1H3C,8352,1,accepted
H3C4,HIST1H3D,8351,1,accepted
H3C6,HIST1H3E,8353,1,accepted
H3C7,HIST1H3F,8968,1,accepted
H3C8,HIST1H3G,8355,1,accepted
H4C1,HIST1H4A,8359,1,accepted
H4C11,HIST1H4J,8363,1,accepted
H4C12,HIST1H4K,8362,1,accepted
H4C13,HIST1H4L,8368,1,accepted
H4C14,HIST2H4A,8370,1,accepted
H4C16,HIST4H4,121504,1,accepted
H4C2,HIST1H4B,8366,1,accepted
H4C3,HIST1H4C,8364,1,accepted
H4C4,HIST1H4D,8360,1,accepted
H4C5,HIST1H4E,8367,1,accepted
H4C6,HIST1H4F,8361,1,accepted
H4C8,HIST1H4H,8365,1,accepted
H4C9,HIST1H4I,8294,1,accepted
HACD1,PTPLA,9200,1,accepted
HACD2,PTPLB,201562,1,accepted
HACD3,PTPLAD1,51495,1,accepted
HACD4,PTPLAD2,401494,1,accepted
HAPSTR1,C16orf72,29035,1,accepted
HARS1,HARS,3035,1,accepted
HASPIN,GSG2,83903,1,accepted
HDGFL2,HDGFRP2,84717,1,accepted
HDGFL3,HDGFRP3,50810,1,accepted
HDHD5,CECR5,27440,1,accepted
HEATR9,C17orf66,256957,1,accepted
HEMK2,N6AMT1,29104,1,accepted
HEXD,HEXDC,284004,1,accepted
HIKESHI,C11orf73,51501,1,accepted
HOATZ,C11orf88,399949,1,accepted
HPF1,C4orf27,54969,1,accepted
HROB,C17orf53,78995,1,accepted
HYCC1,FAM126A,84668,1,accepted
HYCC2,FAM126B,285172,1,accepted
IARS1,IARS,3376,1,accepted
ICE1,KIAA0947,23379,1,accepted
ICE2,NARG2,79664,1,accepted
IFT22,RABL5,64792,1,accepted
IFT25,HSPB11,51668,1,accepted
IFT56,TTC26,79989,1,accepted
IFT70B,TTC30B,150737,1,accepted
IFTAP,C11orf74,119710,1,accepted
IHO1,CCDC36,339834,1,accepted
ILRUN,C6orf106,64771,1,accepted
INAVA,C1orf106,55765,1,accepted
INKA1,FAM212A,389119,1,accepted
INKA2,FAM212B,55924,1,accepted
INTS11,CPSF3L,54973,1,accepted
INTS13,ASUN,55726,1,accepted
INTS14,VWA9,81556,1,accepted
INTS15,C7orf26,79034,1,accepted
INTS6L,DDX26B,203522,1,accepted
IQCN,KIAA1683,80726,1,accepted
IRAG1,MRVI1,10335,1,accepted
IRAG2,LRMP,4033,1,accepted
ITPRID2,SSFA2,6744,1,accepted
JAML,AMICA1,120425,1,accepted
JCAD,KIAA1462,57608,1,accepted
JCHAIN,IGJ,3512,1,accepted
JHY,C11orf63,79864,1,accepted
JPT1,HN1,51155,1,accepted
JPT2,HN1L,90861,1,accepted
KARS1,KARS,3735,1,accepted
KASH5,CCDC155,147872,1,accepted
KAT14,CSRP2BP,57325,1,accepted
KATNIP,KIAA0556,23247,1,accepted
KCNE5,KCNE1L,23630,1,accepted
KDF1,C1orf172,126695,1,accepted
KGD4,MRPS36,92259,1,accepted
KHDC4,KIAA0907,22889,1,accepted
KICS2,C12orf66,144577,1,accepted
KIFBP,KIAA1279,26128,1,accepted
KMT5A,SETD8,387893,1,accepted
KMT5B,SUV420H1,51111,1,accepted
KMT5C,SUV420H2,84787,1,accepted
KNL1,CASC5,57082,1,accepted
KYAT1,CCBL1,883,1,accepted
KYAT3,CCBL2,56267,1,accepted
LARGE1,LARGE,9215,1,accepted
LARGE2,GYLTL1B,120071,1,accepted
LARS1,LARS,51520,1,accepted
LBHD1,C11orf48,79081,1,accepted
LDAF1,TMEM159,57146,1,accepted
LDAH,C2orf43,60526,1,accepted
LHFPL6,LHFP,10186,1,accepted
LIAT1,C17orf97,400566,1,accepted
LINS1,LINS,55180,1,accepted
LMNTD1,IFLTD1,160492,1,accepted
LMNTD2,C11orf35,256329,1,accepted
LORICRIN,LOR,4014,1,accepted
LRMDA,C10orf11,83938,1,accepted
LRRC75A,FAM211A,388341,1,accepted
LTO1,ORAOV1,220064,1,accepted
LVRN,AQPEP,206338,1,accepted
LYSET,TMEM251,26175,1,accepted
MACIR,C5orf30,90355,1,accepted
MACO1,TMEM57,55219,1,accepted
MACROH2A1,H2AFY,9555,1,accepted
MACROH2A2,H2AFY2,55506,1,accepted
MAIP1,C2orf47,79568,1,accepted
MAJIN,C11orf85,283129,1,accepted
MAP3K20,MLTK,51776,1,accepted
MAP3K21,MLK4,84451,1,accepted
MAPDA,ADAL,161823,1,accepted
MARCHF1,MARCH1,55016,1,accepted
MARCHF10,MARCH10,162333,1,accepted
MARCHF2,MARCH2,51257,1,accepted
MARCHF3,MARCH3,115123,1,accepted
MARCHF5,MARCH5,54708,1,accepted
MARCHF6,MARCH6,10299,1,accepted
MARCHF7,MARCH7,64844,1,accepted
MARCHF8,MARCH8,220972,1,accepted
MARCHF9,MARCH9,92979,1,accepted
MARF1,KIAA0430,9665,1,accepted
MARS1,MARS,4141,1,accepted
MATCAP1,KIAA0895L,653319,1,accepted
MATCAP2,KIAA0895,23366,1,accepted
MCEMP1,C19orf59,199675,1,accepted
MCRIP1,FAM195B,348262,1,accepted
MCRIP2,FAM195A,84331,1,accepted
MCUB,CCDC109B,55013,1,accepted
MEAK7,TLDC1,57707,1,accepted
MEIOC,C17orf104,284071,1,accepted
MELTF-AS1,MFI2-AS1,100507057,1,accepted
MESD,MESDC2,23184,1,accepted
METTL25B,RRNAD1,51093,1,accepted
METTL27,WBSCR27,155368,1,accepted
MICOS10,MINOS1,440574,1,accepted
MICOS13,C19orf70,125988,1,accepted
MIDEAS,ELMSAN1,91748,1,accepted
MIGA1,FAM73A,374986,1,accepted
MIGA2,FAM73B,84895,1,accepted
MINAR1,KIAA1024,23251,1,accepted
MINAR2,KIAA1024L,100127206,1,accepted
MINDY1,FAM63A,55793,1,accepted
MINDY2,FAM63B,54629,1,accepted
MINDY3,FAM188A,80013,1,accepted
MIR1915HG,CASC10,399726,1,accepted
MIR335,hsa-mir-335,442904,1,accepted
MIR490,hsa-mir-490,574443,1,accepted
MIR9-1HG,C1orf61,10485,1,accepted
MIR9-2HG,LINC00461,645323,1,accepted
MIX23,CCDC58,131076,1,accepted
MMUT,MUT,4594,1,accepted
MOSMO,C16orf52,730094,1,accepted
MPIG6B,C6orf25,80739,1,accepted
MRE11,MRE11A,4361,1,accepted
MRLN,LINC00948,100507027,1,accepted
MRM2,FTSJ2,29960,1,accepted
MRM3,RNMTL1,55178,1,accepted
MRNIP,C5orf45,51149,1,accepted
MRPL57,MRP63,78988,1,accepted
MRPL58,ICT1,3396,1,accepted
MRTFB,MKL2,57496,1,accepted
MTARC1,MARC1,64757,1,accepted
MTCL1,SOGA2,23255,1,accepted
MTCL2,SOGA1,140710,1,accepted
MTCL3,SOGA3,387104,1,accepted
MTERF1,MTERF,7978,1,accepted
MTERF2,MTERFD3,80298,1,accepted
MTERF3,MTERFD1,51001,1,accepted
MTERF4,MTERFD2,130916,1,accepted
MTLN,LINC00116,205251,1,accepted
MTNAP1,C17orf80,55028,1,accepted
MTRES1,C6orf203,51250,1,accepted
MTREX,SKIV2L2,23517,1,accepted
MTRFR,C12orf65,91574,1,accepted
MTSS2,MTSS1L,92154,1,accepted
MYG1,C12orf10,60314,1,accepted
MYL11,MYLPF,29895,1,accepted
MYORG,KIAA1161,57462,1,accepted
NAA80,NAT6,24142,1,accepted
NALF2,FAM155B,27112,1,accepted
NAP1L6P,NAP1L6,645996,1,accepted
NAPRT,NAPRT1,93100,1,accepted
NARS1,NARS,4677,1,accepted
NAXD,CARKD,55739,1,accepted
NAXE,APOA1BP,128240,1,accepted
NCBP2AS2,NCBP2-AS2,152217,1,accepted
NCBP3,C17orf85,55421,1,accepted
NDUFAF8,C17orf89,284184,1,accepted
NECTIN1,PVRL1,5818,1,accepted
NECTIN2,PVRL2,5819,1,accepted
NEMP1,TMEM194A,23306,1,accepted
NEMP2,TMEM194B,100131211,1,accepted
NEXMIF,KIAA2022,340533,1,accepted
NHERF1,SLC9A3R1,9368,1,accepted
NHERF2,SLC9A3R2,9351,1,accepted
NHERF4,PDZD3,79849,1,accepted
NIBAN1,FAM129A,116496,1,accepted
NIBAN2,FAM129B,64855,1,accepted
NICOL1,C4orf48,401115,1,accepted
NIPSNAP2,GBAS,2631,1,accepted
NOCT,CCRN4L,25819,1,accepted
NOP53,GLTSCR2,29997,1,accepted
NOPCHAP1,C12orf45,121053,1,accepted
NORAD,LINC00657,647979,1,accepted
NOTCH2NLA,NOTCH2NL,388677,1,accepted
NOTCH2NLB,NOTCH2NL,100996763,1,accepted
NOTCH2NLC,NOTCH2NL,100996717,1,accepted
NRDC,NRD1,4898,1,accepted
NSD2,WHSC1,7468,1,accepted
NSD3,WHSC1L1,54904,1,accepted
NSMCE3,NDNL2,56160,1,accepted
NTAQ1,WDYHV1,55093,1,accepted
NUP42,NUPL2,11097,1,accepted
NUP58,NUPL1,9818,1,accepted
NUPR2,NUPR1L,389493,1,accepted
OBI1,RNF219,79596,1,accepted
ODAD1,CCDC114,93233,1,accepted
ODAD2,ARMC4,55130,1,accepted
ODAD3,CCDC151,115948,1,accepted
ODAPH,C4orf26,152816,1,accepted
OGA,MGEA5,10724,1,accepted
OTULIN,FAM105B,90268,1,accepted
OTULINL,FAM105A,54491,1,accepted
P3H1,LEPRE1,64175,1,accepted
P3H2,LEPREL1,55214,1,accepted
P3H4,LEPREL4,10609,1,accepted
PABIR1,FAM122A,116224,1,accepted
PABIR2,FAM122B,159090,1,accepted
PABIR3,FAM122C,159091,1,accepted
PACC1,TMEM206,55248,1,accepted
PALS1,MPP5,64398,1,accepted
PALS2,MPP6,51678,1,accepted
PATJ,INADL,10207,1,accepted
PAXX,C9orf142,286257,1,accepted
PCLAF,KIAA0101,9768,1,accepted
PEAK3,C19orf35,374872,1,accepted
PEDS1,TMEM189,387521,1,accepted
PERM1,C1orf170,84808,1,accepted
PEX39,C6orf226,441150,1,accepted
PGAP4,TMEM246,84302,1,accepted
PGAP6,TMEM8A,58986,1,accepted
PGCKA1,C4orf19,55286,1,accepted
PGGHG,ATHL1,80162,1,accepted
PHAF1,C16orf70,80262,1,accepted
PHB1,PHB,5245,1,accepted
PHETA1,FAM109A,144717,1,accepted
PHETA2,FAM109B,150368,1,accepted
PIDD1,PIDD,55367,1,accepted
PIERCE1,C9orf116,138162,1,accepted
PIERCE2,C15orf65,145788,1,accepted
PIMREG,FAM64A,54478,1,accepted
PIP4P1,TMEM55B,90809,1,accepted
PIP4P2,TMEM55A,55529,1,accepted
PJVK,DFNB59,494513,1,accepted
PLAAT2,HRASLS2,54979,1,accepted
PLAAT3,PLA2G16,11145,1,accepted
PLAAT4,RARRES3,5920,1,accepted
PLAAT5,HRASLS5,117245,1,accepted
PLPBP,PROSC,11212,1,accepted
PLPP1,PPAP2A,8611,1,accepted
PLPP2,PPAP2C,8612,1,accepted
PLPP3,PPAP2B,8613,1,accepted
PLPP5,PPAPDC1B,84513,1,accepted
PLPP7,PPAPDC3,84814,1,accepted
PNMA8A,PNMAL1,55228,1,accepted
POGLUT2,KDELC1,79070,1,accepted
POGLUT3,KDELC2,143888,1,accepted
POLR1F,TWISTNB,221830,1,accepted
POLR1H,ZNRD1,30834,1,accepted
PPP4R3A,SMEK1,55671,1,accepted
PPP4R3B,SMEK2,57223,1,accepted
PRAG1,SGK223,157285,1,accepted
PRELID3A,SLMO1,10650,1,accepted
PRELID3B,SLMO2,51012,1,accepted
PRKN,PARK2,5071,1,accepted
PRMT9,PRMT10,90826,1,accepted
PRORP,KIAA0391,9692,1,accepted
PROSER3,C19orf55,148137,1,accepted
PRP4K,PRPF4B,8899,1,accepted
PRUNE1,PRUNE,58497,1,accepted
PRXL2A,FAM213A,84293,1,accepted
PRXL2B,FAM213B,127281,1,accepted
PRXL2C,AAED1,195827,1,accepted
PSME3IP1,FAM192A,80011,1,accepted
PTGR3,ZADH2,284273,1,accepted
PTPA,PPP2R4,5524,1,accepted
PUDP,HDHD1,8226,1,accepted
PUM3,KIAA0020,9933,1,accepted
PWWP3A,MUM1,84939,1,accepted
PXYLP1,ACPL2,92370,1,accepted
PYCR3,PYCRL,65263,1,accepted
PYM1,WIBG,84305,1,accepted
QARS1,QARS,5859,1,accepted
QNG1,C9orf64,84267,1,accepted
QTRT2,QTRTD1,79691,1,accepted
RAB29,RAB7L1,8934,1,accepted
RAB5IF,C20orf24,55969,1,accepted
RACK1,GNB2L1,10399,1,accepted
RADX,CXorf57,55086,1,accepted
RAMAC,FAM103A1,83640,1,accepted
RARS1,RARS,5917,1,accepted
RBIS,C8orf59,401466,1,accepted
RBSN,ZFYVE20,64145,1,accepted
RCC1L,WBSCR16,81554,1,accepted
REC114,C15orf60,283677,1,accepted
REDIC1,C12orf40,283461,1,accepted
RELCH,KIAA1468,57614,1,accepted
RESF1,KIAA1551,55196,1,accepted
RETREG1,FAM134B,54463,1,accepted
RETREG2,FAM134A,79137,1,accepted
RETREG3,FAM134C,162427,1,accepted
RFLNA,FAM101A,144347,1,accepted
RFLNB,FAM101B,359845,1,accepted
RHEX,C1orf186,440712,1,accepted
RIC1,KIAA1432,57589,1,accepted
RIDA,HRSP12,10247,1,accepted
RIGI,DDX58,23586,1,accepted
RIMOC1,C5orf51,285636,1,accepted
RIOX2,MINA,84864,1,accepted
RIPOR1,FAM65A,79567,1,accepted
RIPOR2,FAM65B,9750,1,accepted
RLIG1,C12orf29,91298,1,accepted
RMC1,C18orf8,29919,1,accepted
RNF212B,C14orf164,100507650,1,accepted
RO60,TROVE2,6738,1,accepted
RPSA2,RPSAP58,388524,1,accepted
RSKR,SGK494,124923,1,accepted
RSPH14,RTDR1,27156,1,accepted
RSRP1,C1orf63,57035,1,accepted
RTF2,RTFDC1,51507,1,accepted
RTL10,C22orf29,79680,1,accepted
RTP5,CXXC11,285093,1,accepted
RTRAF,C14orf166,51637,1,accepted
RUBCN,KIAA0226,9711,1,accepted
RUBCNL,KIAA0226L,80183,1,accepted
RXYLT1,TMEM5,10329,1,accepted
SAMTOR,C7orf60,154743,1,accepted
SANBR,KIAA1841,84542,1,accepted
SARAF,TMEM66,51669,1,accepted
SARS1,SARS,6301,1,accepted
SAXO1,FAM154A,158297,1,accepted
SAXO2,FAM154B,283726,1,accepted
SAXO4,PPP1R32,220004,1,accepted
SCX,SCXA,642658,1,accepted
SDHAF3,ACN9,57001,1,accepted
SDHAF4,C6orf57,135154,1,accepted
SELENOF,SEP15,9403,1,accepted
SELENOH,C11orf31,280636,1,accepted
SELENOI,EPT1,85465,1,accepted
SELENOK,SELK,58515,1,accepted
SELENOM,SELM,140606,1,accepted
SELENON,SEPN1,57190,1,accepted
SELENOO,SELO,83642,1,accepted
SELENOS,VIMP,55829,1,accepted
SELENOT,SELT,51714,1,accepted
SELENOW,SEPW1,6415,1,accepted
SEPTIN1,SEPT1,1731,1,accepted
SEPTIN10,SEPT10,151011,1,accepted
SEPTIN11,SEPT11,55752,1,accepted
SEPTIN2,SEPT2,4735,1,accepted
SEPTIN3,SEPT3,55964,1,accepted
SEPTIN5,SEPT5,5413,1,accepted
SEPTIN7,SEPT7,989,1,accepted
SEPTIN8,SEPT8,23176,1,accepted
SF3B6,SF3B14,51639,1,accepted
SGF29,CCDC101,112869,1,accepted
SGO1,SGOL1,151648,1,accepted
SGO2,SGOL2,151246,1,accepted
SHFL,C19orf66,55337,1,accepted
SHLD1,C20orf196,149840,1,accepted
SHLD2,FAM35A,54537,1,accepted
SHLD3,CTC-534A2.2,112441434,1,accepted
SHOC1,C9orf84,158401,1,accepted
SHTN1,KIAA1598,57698,1,accepted
SINHCAF,FAM60A,58516,1,accepted
SKIC2,SKIV2L,6499,1,accepted
SKIC3,TTC37,9652,1,accepted
SKIC8,WDR61,80349,1,accepted
SLC35E2A,SLC35E2,9906,1,accepted
SLC49A3,MFSD7,84179,1,accepted
SLC49A4,DIRC2,84925,1,accepted
SLC66A1,PQLC2,54896,1,accepted
SLC66A2,PQLC1,80148,1,accepted
SLC66A3,PQLC3,130814,1,accepted
SLC67A1,SLC22A18,5002,1,accepted
SLF1,ANKRD32,84250,1,accepted
SLF2,FAM178A,55719,1,accepted
SLX9,FAM207A,85395,1,accepted
SMIM26,LINC00493,388789,1,accepted
SMIM30,LINC00998,401397,1,accepted
SNORA50C,SNORA76,677842,1,accepted
SNORC,C2orf82,389084,1,accepted
SNU13,NHP2L1,4809,1,accepted
SPACA9,C9orf9,11092,1,accepted
SPACDR,C7orf61,402573,1,accepted
SPART,SPG20,23111,1,accepted
SPINDOC,C11orf84,144097,1,accepted
SPMAP1,C17orf98,388381,1,accepted
SPMIP4,C7orf31,136895,1,accepted
SPMIP6,C9orf24,84688,1,accepted
SPMIP7,C7orf72,100130988,1,accepted
SPMIP8,TEPP,374739,1,accepted
SPOUT1,C9orf114,51490,1,accepted
SPRING1,C12orf49,79794,1,accepted
SPX,C12orf39,80763,1,accepted
SQOR,SQRDL,58472,1,accepted
SRPRA,SRPR,6734,1,accepted
SSC4D,SRCRB4D,136853,1,accepted
STEEP1,CXorf56,63932,1,accepted
STIMATE,TMEM110,375346,1,accepted
STING1,TMEM173,340061,1,accepted
STK26,MST4,51765,1,accepted
STKLD1,C9orf96,169436,1,accepted
STMP1,C7orf73,647087,1,accepted
STN1,OBFC1,79991,1,accepted
STPG4,C2orf61,285051,1,accepted
STYXL2,DUSP27,92235,1,accepted
SUSD6,KIAA0247,9766,1,accepted
SVBP,CCDC23,374969,1,accepted
TAFA1,FAM19A1,407738,1,accepted
TAFA2,FAM19A2,338811,1,accepted
TAFAZZIN,TAZ,6901,1,accepted
TAMALIN,GRASP,160622,1,accepted
TARS1,TARS,6897,1,accepted
TARS3,TARSL2,123283,1,accepted
TASL,CXorf21,80231,1,accepted
TASOR,FAM208A,23272,1,accepted
TASOR2,FAM208B,54906,1,accepted
TCAF1,FAM115A,9747,1,accepted
TCAF2,FAM115C,285966,1,accepted
TEDC1,C14orf80,283643,1,accepted
TEDC2,C16orf59,80178,1,accepted
TEKTIP1,C19orf71,100128569,1,accepted
TENT2,PAPD4,167153,1,accepted
TENT4B,PAPD5,64282,1,accepted
TENT5A,FAM46A,55603,1,accepted
TENT5C,FAM46C,54855,1,accepted
TEPSIN,ENTHD2,146705,1,accepted
TERB1,CCDC79,283847,1,accepted
TESMIN,MTL5,9633,1,accepted
TEX46,C1orf234,729059,1,accepted
TEX56P,C6orf201,404220,1,accepted
THAP12,PRKRIR,5612,1,accepted
TIGAR,C12orf5,57103,1,accepted
TIMM29,C19orf52,90580,1,accepted
TKFC,DAK,26007,1,accepted
TLCD3A,FAM57A,79850,1,accepted
TLCD3B,FAM57B,83723,1,accepted
TLCD4,TMEM56,148534,1,accepted
TLE5,AES,166,1,accepted
TLNRD1,MESDC1,59274,1,accepted
TMEM131L,KIAA0922,23240,1,accepted
TMEM14EP,TMEM14E,645843,1,accepted
TMEM250,C9orf69,90120,1,accepted
TMEM266,C15orf27,123591,1,accepted
TMEM273,C10orf128,170371,1,accepted
TMEM94,KIAA0195,9772,1,accepted
TMT1A,METTL7A,25840,1,accepted
TMT1B,METTL7B,196410,1,accepted
TNS2,TENC1,23371,1,accepted
TOGARAM1,FAM179B,23116,1,accepted
TOGARAM2,FAM179A,165186,1,accepted
TOMM70,TOMM70A,9868,1,accepted
TOP6BL,C11orf80,79703,1,accepted
TRAPPC14,C7orf43,55262,1,accepted
TRAPPC2B,TRAPPC2P1,10597,1,accepted
TRARG1,TUSC5,286753,1,accepted
TRIR,C19orf43,79002,1,accepted
TRMO,C9orf156,51531,1,accepted
TRMT9B,KIAA1456,57604,1,accepted
TSPOAP1,BZRAP1,9256,1,accepted
TUT4,ZCCHC11,23318,1,accepted
TUT7,ZCCHC6,79670,1,accepted
TWNK,C10orf2,56652,1,accepted
UFD1,UFD1L,7353,1,accepted
UQCC3,C11orf83,790955,1,accepted
UQCC4,C16orf91,283951,1,accepted
UQCC5,SMIM4,440957,1,accepted
UQCC6,C12orf73,728568,1,accepted
USF3,KIAA2018,205717,1,accepted
USP41P,USP41,373856,1,accepted
UTP11,UTP11L,51118,1,accepted
UTP25,DIEXF,27042,1,accepted
UTP4,CIRH1A,84916,1,accepted
VIRMA,KIAA1429,25962,1,accepted
VMA12,TMEM199,147007,1,accepted
VMA22,CCDC115,84317,1,accepted
VPS26C,DSCR3,10311,1,accepted
VPS35L,C16orf62,57020,1,accepted
VPS50,CCDC132,55610,1,accepted
VSIR,C10orf54,64115,1,accepted
VXN,C8orf46,254778,1,accepted
WAPL,WAPAL,23063,1,accepted
WARS1,WARS,7453,1,accepted
WASHC3,CCDC53,51019,1,accepted
WASHC4,KIAA1033,23325,1,accepted
WASHC5,KIAA0196,9897,1,accepted
WDCP,C2orf44,80304,1,accepted
WHR1,STK19,8859,1,accepted
WHRN,DFNB31,25861,1,accepted
YAE1,YAE1D1,57002,1,accepted
YARS1,YARS,8565,1,accepted
YJU2,CCDC94,55702,1,accepted
YJU2B,CCDC130,81576,1,accepted
ZFTA,C11orf95,65998,1,accepted
ZFTRAF1,CYHR1,50626,1,accepted
ZGRF1,C4orf21,55345,1,accepted
ZNF724,ZNF724P,440519,1,accepted
ZNF875,HKR1,284459,1,accepted
ZNG1A,CBWD1,55871,1,accepted
ZNG1B,CBWD2,150472,1,accepted
ZNG1C,CBWD3,445571,1,accepted
ZNRD2,SSSCA1,10534,1,accepted
ZPR1,ZNF259,8882,1,accepted
ZRSR2P1,ZRSR1,7310,1,accepted
ZUP1,ZUFSP,221302,1,accepted
MIR4435-2HG,MIR4435-1HG,541471,1,flagged_for_review
ACOD1,CAD,730249,1,rejected_symbol_belongs_to_another_gene
ADCY8,ADCY3,114,1,rejected_symbol_belongs_to_another_gene
ADRA2A,ZNF32,150,1,rejected_symbol_belongs_to_another_gene
AKR1B10,ARL1,57016,1,rejected_symbol_belongs_to_another_gene
ART4,DOK1,420,1,rejected_symbol_belongs_to_another_gene
ARTN,NBN,9048,1,rejected_symbol_belongs_to_another_gene
ASDURF,ASNSD1,110599588,1,rejected_symbol_belongs_to_another_gene
BUB1B-PAK6,PAK6,106821730,1,rejected_symbol_belongs_to_another_gene
CADPS2,CAPS2,93664,1,rejected_symbol_belongs_to_another_gene
CGB3,LHB,1082,1,rejected_symbol_belongs_to_another_gene
CHGA,CGA,1113,1,rejected_symbol_belongs_to_another_gene
CNGB1,GAR1,1258,1,rejected_symbol_belongs_to_another_gene
CNTN1,F3,1272,1,rejected_symbol_belongs_to_another_gene
CRABP1,RBP5,1381,1,rejected_symbol_belongs_to_another_gene
CRNN,DRC1,49860,1,rejected_symbol_belongs_to_another_gene
CSRP3,LMO4,8048,1,rejected_symbol_belongs_to_another_gene
CYP1A1,AHRR,1543,1,rejected_symbol_belongs_to_another_gene
DEFA6,DEF6,1671,1,rejected_symbol_belongs_to_another_gene
DMBT1,SAG,1755,1,rejected_symbol_belongs_to_another_gene
DPEP1,MBD1,1800,1,rejected_symbol_belongs_to_another_gene
DSCAM,CHD2,1826,1,rejected_symbol_belongs_to_another_gene
DSPP,DSP,1834,1,rejected_symbol_belongs_to_another_gene
EEF1AKMT4-ECE2,ECE2,110599583,1,rejected_symbol_belongs_to_another_gene
EPX,EPO,8288,1,rejected_symbol_belongs_to_another_gene
ERC2,CAST,26059,1,rejected_symbol_belongs_to_another_gene
FZD9,FZD3,8326,1,rejected_symbol_belongs_to_another_gene
GAL3ST3,GAL3ST2,89792,1,rejected_symbol_belongs_to_another_gene
GALNT14,GALNT15,79623,1,rejected_symbol_belongs_to_another_gene
GALNTL5,GALNT15,168391,1,rejected_symbol_belongs_to_another_gene
GC,DBP,2638,1,rejected_symbol_belongs_to_another_gene
GJD3,GJC1,125111,1,rejected_symbol_belongs_to_another_gene
GKN1,CA11,56287,1,rejected_symbol_belongs_to_another_gene
GUCY2C,STAR,2984,1,rejected_symbol_belongs_to_another_gene
HCRTR1,OXR1,3061,1,rejected_symbol_belongs_to_another_gene
HLA-DRB3,HLA-DPB1,3125,1,rejected_symbol_belongs_to_another_gene
HSP90B2P,TRAP1,7190,1,rejected_symbol_belongs_to_another_gene
IGHA2,A2M,3494,1,rejected_symbol_belongs_to_another_gene
KCNA4,HK1,3739,1,rejected_symbol_belongs_to_another_gene
KCNA5,HK2,3741,1,rejected_symbol_belongs_to_another_gene
KCNH8,ELK1,131096,1,rejected_symbol_belongs_to_another_gene
KIR2DS2,KIR2DL1,100132285,1,rejected_symbol_belongs_to_another_gene
KRT9,EPPK1,3857,1,rejected_symbol_belongs_to_another_gene
KRTAP11-1,HACL1,337880,1,rejected_symbol_belongs_to_another_gene
KRTAP5-3,KRTAP5-9,387266,1,rejected_symbol_belongs_to_another_gene
LAMA4,LAMA3,3910,1,rejected_symbol_belongs_to_another_gene
LGALS13,PLAC8,29124,1,rejected_symbol_belongs_to_another_gene
LRP4,LRP10,4038,1,rejected_symbol_belongs_to_another_gene
LSM8,NAA38,51691,1,rejected_symbol_belongs_to_another_gene
MAFIP,MIP,727764,1,rejected_symbol_belongs_to_another_gene
MAGEC2,MAGEE1,51438,1,rejected_symbol_belongs_to_another_gene
MAGED4,MAGEE1,728239,1,rejected_symbol_belongs_to_another_gene
MBL2,MBP,4153,1,rejected_symbol_belongs_to_another_gene
MEIS3P1,MEIS3,4213,1,rejected_symbol_belongs_to_another_gene
MIURF,MIEF1,127898561,1,rejected_symbol_belongs_to_another_gene
MMP1,CLGN,4312,1,rejected_symbol_belongs_to_another_gene
MMP12,MME,4321,1,rejected_symbol_belongs_to_another_gene
MOGAT2,MGAT2,80168,1,rejected_symbol_belongs_to_another_gene
MTCO2P12,MT-CO2,107075310,1,rejected_symbol_belongs_to_another_gene
MUSK,FADS1,4593,1,rejected_symbol_belongs_to_another_gene
MYH2,MYPOP,4620,1,rejected_symbol_belongs_to_another_gene
MYL1,MLC1,4632,1,rejected_symbol_belongs_to_another_gene
MYZAP,GCOM1,100820829,1,rejected_symbol_belongs_to_another_gene
NANOS2,NOS2,339345,1,rejected_symbol_belongs_to_another_gene
NAPSB,NAPB,256236,1,rejected_symbol_belongs_to_another_gene
NAT8,GLA,9027,1,rejected_symbol_belongs_to_another_gene
NELL1,NRP1,4745,1,rejected_symbol_belongs_to_another_gene
NKX2-1,TTF1,7080,1,rejected_symbol_belongs_to_another_gene
NLRP2B,POP4,286430,1,rejected_symbol_belongs_to_another_gene
NLRP4,PAN2,147945,1,rejected_symbol_belongs_to_another_gene
NR5A1,SF1,2516,1,rejected_symbol_belongs_to_another_gene
OCM2,OCM,4951,1,rejected_symbol_belongs_to_another_gene
ODF1,ODF2,4956,1,rejected_symbol_belongs_to_another_gene
OR1L6,OR1K1,392390,1,rejected_symbol_belongs_to_another_gene
OR2A4,OR2A7,79541,1,rejected_symbol_belongs_to_another_gene
PCDHA6,CNR2,56142,1,rejected_symbol_belongs_to_another_gene
PCDHB11,ME2,56125,1,rejected_symbol_belongs_to_another_gene
PCDHB16,ME1,57717,1,rejected_symbol_belongs_to_another_gene
PHOX2A,NCAM2,401,1,rejected_symbol_belongs_to_another_gene
PITX3,PTX3,5309,1,rejected_symbol_belongs_to_another_gene
PLEKHA8P1,PLEKHA8,51054,1,rejected_symbol_belongs_to_another_gene
PLPPR2,PRG4,64748,1,rejected_symbol_belongs_to_another_gene
PLPPR3,PRG2,79948,1,rejected_symbol_belongs_to_another_gene
POLGARF,POLG,125316803,1,rejected_symbol_belongs_to_another_gene
PRSS58,PRSS1,136541,1,rejected_symbol_belongs_to_another_gene
PSG1,SP1,5669,1,rejected_symbol_belongs_to_another_gene
RNASE12,RAI1,493901,1,rejected_symbol_belongs_to_another_gene
RNASE7,RAE1,84659,1,rejected_symbol_belongs_to_another_gene
SDHCP5,SDHC,642502,1,rejected_symbol_belongs_to_another_gene
SEC14L3,TAP2,266629,1,rejected_symbol_belongs_to_another_gene
SERPINA2,ATR,390502,1,rejected_symbol_belongs_to_another_gene
SFTPA1,PSAP,653509,1,rejected_symbol_belongs_to_another_gene
SFTPA2,PSAP,729238,1,rejected_symbol_belongs_to_another_gene
SLC18A1,VAT1,6570,1,rejected_symbol_belongs_to_another_gene
SLC25A21,ODC1,89874,1,rejected_symbol_belongs_to_another_gene
SLC38A3,NAT1,10991,1,rejected_symbol_belongs_to_another_gene
SLC6A5,NET1,9152,1,rejected_symbol_belongs_to_another_gene
SLC7A5P2,MMAA,387254,1,rejected_symbol_belongs_to_another_gene
SLCO1B1,LST1,10599,1,rejected_symbol_belongs_to_another_gene
SLIT1,SLIT3,6585,1,rejected_symbol_belongs_to_another_gene
SLPI,MPI,6590,1,rejected_symbol_belongs_to_another_gene
SLX1A-SULT1A3,SULT1A3,100526830,1,rejected_symbol_belongs_to_another_gene
SMOC2,SMAP2,64094,1,rejected_symbol_belongs_to_another_gene
SP8,BTD,221833,1,rejected_symbol_belongs_to_another_gene
SPPL2B,IMP4,56928,1,rejected_symbol_belongs_to_another_gene
SRMS,SRM,6725,1,rejected_symbol_belongs_to_another_gene
SRP9P1,SRP9,653226,1,rejected_symbol_belongs_to_another_gene
TAC4,HK1,255061,1,rejected_symbol_belongs_to_another_gene
TARP,CD3G,445347,1,rejected_symbol_belongs_to_another_gene
TBC1D3D,TBC1D3,101060389,1,rejected_symbol_belongs_to_another_gene
TBC1D3E,TBC1D3,102723859,1,rejected_symbol_belongs_to_another_gene
TBC1D3I,TBC1D3,102724862,1,rejected_symbol_belongs_to_another_gene
TDO2,TPH2,6999,1,rejected_symbol_belongs_to_another_gene
THPO,TPO,7066,1,rejected_symbol_belongs_to_another_gene
TINAGL1,ARG1,64129,1,rejected_symbol_belongs_to_another_gene
TMSB15C,TMSB15B,122394733,1,rejected_symbol_belongs_to_another_gene
TNNI3,TNNC1,7137,1,rejected_symbol_belongs_to_another_gene
TP53TG3E,TP53TG3D,102724101,1,rejected_symbol_belongs_to_another_gene
TTR,TTN,7276,1,rejected_symbol_belongs_to_another_gene
ZNF761,ZNF468,388561,1,rejected_symbol_belongs_to_another_gene
ZP4,ZP1,57829,1,rejected_symbol_belongs_to_another_gene
ADGRE2,CD97/EMR2,30817,2,rejected_multiple_aliases_in_vocabulary
AZIN2,ADC/AZI2,113451,2,rejected_multiple_aliases_in_vocabulary
BORCS8-MEF2B,MEF2B/MEF2BNB-MEF2B,4207,2,rejected_multiple_aliases_in_vocabulary
CFAP73,CCDC42B/MIA2,387885,2,rejected_multiple_aliases_in_vocabulary
CRAMP1,CRAMP1L/HN1L,57585,2,rejected_multiple_aliases_in_vocabulary
DUSP29,DUPD1/DUSP27,338599,2,rejected_multiple_aliases_in_vocabulary
EPRS1,EPRS/QARS,2058,2,rejected_multiple_aliases_in_vocabulary
ERLN,ELN/SMIM6,100130933,2,rejected_multiple_aliases_in_vocabulary
FCGR1BP,CD34/FCGR1B,2210,2,rejected_multiple_aliases_in_vocabulary
GARS1,GARS/SMAD1,2617,2,rejected_multiple_aliases_in_vocabulary
GATD3,C21orf33/HES1,8209,2,rejected_multiple_aliases_in_vocabulary
GDNF,ATF1/ATF2,2668,2,rejected_multiple_aliases_in_vocabulary
GET1,CHD5/WRB,7485,2,rejected_multiple_aliases_in_vocabulary
H2BC5,HIST1H2BC/HIST1H2BD/HIST1H2BE/HIST1H2BF/HIST1H2BG/HIST1H2BI,3017,6,rejected_multiple_aliases_in_vocabulary
IFT70A,TTC30A/TTC30B,92104,2,rejected_multiple_aliases_in_vocabulary
LNPK,KIAA1715/LNP1,80856,2,rejected_multiple_aliases_in_vocabulary
MELTF,MFI2/MTF1,4241,2,rejected_multiple_aliases_in_vocabulary
MICOS10-NBL1,MINOS1-NBL1/NBL1,100532736,2,rejected_multiple_aliases_in_vocabulary
MINDY4,AQP1/FAM188B,84182,2,rejected_multiple_aliases_in_vocabulary
MRTFA,MAL/MKL1,57591,2,rejected_multiple_aliases_in_vocabulary
MYDGF,C19orf10/IL27,56005,2,rejected_multiple_aliases_in_vocabulary
NECTIN3,PRR3/PVRL3,25945,2,rejected_multiple_aliases_in_vocabulary
NECTIN4,PRR4/PVRL4,81607,2,rejected_multiple_aliases_in_vocabulary
PALM2AKAP2,AKAP2/PALM2/PALM2-AKAP2,445815,3,rejected_multiple_aliases_in_vocabulary
PLPP6,PDP1/PPAPDC2,403313,2,rejected_multiple_aliases_in_vocabulary
POLR1G,CAST/CD3EAP,10849,2,rejected_multiple_aliases_in_vocabulary
POPDC1,BVES/POP1,11149,2,rejected_multiple_aliases_in_vocabulary
PTPN20,PTPN20A/PTPN20B,26095,2,rejected_multiple_aliases_in_vocabulary
SELENOP,SELP/SEPP1,6414,2,rejected_multiple_aliases_in_vocabulary
SEM1,ECD/SHFM1,7979,2,rejected_multiple_aliases_in_vocabulary
SEPTIN4,C17orf47/SEPT4,5414,2,rejected_multiple_aliases_in_vocabulary
SEPTIN6,SEPT2/SEPT6,23157,2,rejected_multiple_aliases_in_vocabulary
SEPTIN9,NAPB/SEPT9,10801,2,rejected_multiple_aliases_in_vocabulary
SLC6A2,NAT1/NET1,6530,2,rejected_multiple_aliases_in_vocabulary
SOX9,SRA1/TES,6662,2,rejected_multiple_aliases_in_vocabulary
SPAM1,HYAL1/HYAL3,6677,2,rejected_multiple_aliases_in_vocabulary
TENT4A,PAPD7/POLK,11044,2,rejected_multiple_aliases_in_vocabulary
VARS1,VARS/VARS2,7407,2,rejected_multiple_aliases_in_vocabulary
WASHC2A,FAM21A/FAM21B,387680,2,rejected_multiple_aliases_in_vocabulary
WASHC2C,FAM21A/FAM21C,253725,2,rejected_multiple_aliases_in_vocabulary
ZNG1E,CBWD3/CBWD5,220869,2,rejected_multiple_aliases_in_vocabulary
ZNG1F,CBWD6/CBWD7,644019,2,rejected_multiple_aliases_in_vocabulary
HBD,NA,NA,NA,rejected_reference_symbol_ambiguous_in_org_db
MMD2,NA,NA,NA,rejected_reference_symbol_ambiguous_in_org_db
