pathway_id,pathway_name,database,population,contrast,nes,enrichment_score,pvalue,padj,set_size,leading_edge_size,core_enrichment,direction,is_pooled_alias
HALLMARK_MTORC1_SIGNALING,HALLMARK_MTORC1_SIGNALING,Hallmark,Treg,SF_vs_PB_Treg,2.55359919,0.57559373,4.5766434999999995e-18,2.28832175e-16,188,106,BHLHE40/CDKN1A/CTSC/NAMPT/DDIT4/STIP1/PGK1/SLC6A6/ENO1/CD9/MTHFD2/GLRX/TPI1/ACSL3/SERPINH1/SLC2A3/IDI1/LDLR/GPI/SQLE/LDHA/EBP/SLC1A5/HPRT1/ARPC5L/FKBP2/BCAT1/FGL2/PSMB5/PRDX1/AK4/PSMD14/PSMC2/IDH1/GLA/SC5D/VLDLR/HSPA9/SLC7A5/ELOVL6/DHCR7/HMGCS1/RPN1/ITGB2/PGM1/RAB1A/CXCR4/SCD/P4HA1/PNP/CALR/NFKBIB/GAPDH/PSMD12/GBE1/QDPR/SQSTM1/DHCR24/SEC11A/PSMG1/ATP2A2/PSMA3/SLC2A1/PSMC4/HSPE1/DDIT3/SRD5A1/TBK1/CCT6A/TXNRD1/CACYBP/ALDOA/TRIB3/FADS1/SLC37A4/CYP51A1/SLA/HSP90B1/RDH11/PSMD13/HK2/NFIL3/RIT1/GOT1/PDAP1/EDEM1/STARD4/CYB5B/HMGCR/HSPA5/SDF2L1/FADS2/SLC1A4/ETF1/TUBG1/HMBS/SKAP2/IMMT/NFYC/HSPA4/UNG/ADIPOR2/ACLY/TUBA4A/UCHL5/ATP6V1D,up,FALSE
HALLMARK_IL2_STAT5_SIGNALING,HALLMARK_IL2_STAT5_SIGNALING,Hallmark,Treg,SF_vs_PB_Treg,2.58912226,0.592386808,2.5723816499999998e-17,6.43095413e-16,167,89,BHLHE40/TNFRSF4/EMP1/IL2RB/PHLDA1/TNFRSF18/FURIN/SOCS2/RHOB/IL2RA/IL10/CST7/SYT11/BATF/FAH/RGS16/MYO1C/TNFRSF8/CSF1/CTLA4/CISH/IFNGR1/MYO1E/ADAM19/CD79B/ANXA4/PRNP/CYFIP1/CCND2/RNH1/SLC2A3/BCL2L1/ARL4A/PIM1/IL1R2/PHTF2/CSF2/TNFRSF1B/IL4R/SLC1A5/IFITM3/GSTO1/MAPKAPK2/SPRED2/ECM1/IKZF4/FGL2/AHNAK/MAP6/NCS1/CD44/NCOA3/MUC1/CTSZ/CAPG/KLF6/TRAF1/GLIPR2/SNX9/P4HA1/PNP/SLC39A8/TNFRSF9/PTRH2/LIF/SNX14/ICOS/SYNGR2/BATF3/NDRG1/TWSG1/IL18R1/IGF2R/HK2/WLS/NFIL3/PLIN2/HOPX/DCPS/PLEC/HUWE1/NRP1/PLAGL1/SOCS1/GADD45B/ITGAE/UCK2/GALM/CXCL10,up,FALSE
HALLMARK_INTERFERON_GAMMA_RESPONSE,HALLMARK_INTERFERON_GAMMA_RESPONSE,Hallmark,Treg,SF_vs_PB_Treg,2.54547707,0.577701389,5.13506468e-17,8.55844113e-16,178,90,CDKN1A/NAMPT/CD74/IL2RB/HLA-DMA/LY6E/HLA-DRB1/OASL/STAT4/BST2/MVP/RNF213/PFKP/OAS3/MT2A/BPGM/LAP3/RSAD2/SRI/IFI44/MTHFD2/STAT3/ISG15/ARL4A/PIM1/CCL5/HLA-DQA1/TDRD7/IL4R/IFI35/ICAM1/IFITM2/GZMA/USP18/DDX60/IFITM3/EIF2AK2/CD274/CMPK2/IL7/XCL1/PTPN1/MX1/FGL2/DHX58/HIF1A/SPPL2A/UPP1/HELZ2/ISOC1/HLA-A/IL15RA/PDE4B/IRF7/NCOA3/HLA-B/TRIM25/VAMP8/SAMD9L/PNP/TAP1/IFI44L/VAMP5/EPSTI1/PSME2/PSMA3/IFIT1/IFI27/NFKBIA/IRF5/CASP7/CIITA/FAS/XAF1/CASP1/ZBP1/B2M/TOR1B/PSMB2/CCL2/TAPBP/LATS2/SOCS3/SOCS1/LGALS3BP/ZNFX1/PNPT1/CXCL10/HERC6/PML,up,FALSE
HALLMARK_GLYCOLYSIS,HALLMARK_GLYCOLYSIS,Hallmark,Treg,SF_vs_PB_Treg,2.34181021,0.546092309,7.76799535e-12,9.70999419e-11,145,67,SLC16A3/PKM/DDIT4/GALK1/PGK1/CHPF/ENO1/PFKP/TXN/MIF/PAM/GLRX/TPI1/UGP2/P4HA2/ARPP19/NOL3/LDHA/FUT8/PGAM1/B3GAT3/GNPDA1/AK4/KDELR3/GALE/COL5A1/ENO2/CD44/IDH1/QSOX1/B3GAT1/PRPS1/VLDLR/B3GALT6/CXCR4/P4HA1/B4GALT2/GUSB/SPAG4/AKR1A1/SOD1/ANG/POLR3K/GNE/PSMC4/GPC1/ALDOA/COPB2/ALG1/SLC37A4/TGFBI/HK2/GOT1/VEGFA/GFPT1/B4GALT7/PPP2CB/HSPA5/FKBP4/ANGPTL4/SAP30/IER3/SRD5A3/NANP/ISG20/NSDHL/PGM2,up,FALSE
HALLMARK_TNFA_SIGNALING_VIA_NFKB,HALLMARK_TNFA_SIGNALING_VIA_NFKB,Hallmark,Treg,SF_vs_PB_Treg,2.28051953,0.518699184,1.18460846e-11,1.18460846e-10,175,81,BHLHE40/CDKN1A/NAMPT/PHLDA1/SDC4/CCL4/PHLDA2/BCL3/RHOB/FOSL2/CSF1/TNF/DUSP4/CD80/NR4A1/ID2/GADD45A/SGK1/TUBB2A/BTG3/SLC2A3/CCL20/CLCF1/CCL5/LDLR/GEM/CSF2/ICAM1/B4GALT5/ZC3H12A/SERPINB8/TANK/IER5/EGR3/PFKFB3/TRIP10/KLF10/CD44/IL15RA/FOS/PDE4B/ATF3/CCRL2/NINJ1/IL1A/DRAM1/KLF6/TRAF1/NFKBIE/TAP1/DUSP2/EGR1/SERPINE1/TNFRSF9/PLAU/PLAUR/DUSP5/HBEGF/SQSTM1/LIF/PMEPA1/EGR2/ABCA1/ETS2/NFKB2/NFKBIA/FOSL1/NR4A3/KLF4/G0S2/NFIL3/VEGFA/LAMB3/CCL2/SOCS3/PANX1/FOSB/TNIP2/GADD45B/CFLAR/GPR183,up,FALSE
HALLMARK_INFLAMMATORY_RESPONSE,HALLMARK_INFLAMMATORY_RESPONSE,Hallmark,Treg,SF_vs_PB_Treg,2.32334991,0.54380425,2.35559987e-11,1.96299989e-10,141,56,CDKN1A/CXCR6/NAMPT/IL2RB/GNA15/LY6E/IL10/CD70/OSM/EBI3/TIMP1/RGS16/C3AR1/BST2/CSF1/SLC31A2/IL1R1/GPR132/LTA/SRI/SLAMF1/RGS1/IL18RAP/CCL20/CCL5/LDLR/TNFRSF1B/IL4R/EMP3/ICAM1/EIF2AK2/IRAK2/CD82/GNAI3/HIF1A/KIF1B/IL15RA/PDE4B/IRF7/CCRL2/IL1A/ADRM1/KLF6/CCL22/RHOG/SERPINE1/TNFRSF9/PLAUR/HBEGF/LIF/ATP2A2/SLC11A2/ABCA1/HRH1/PSEN1/NFKBIA,up,FALSE
HALLMARK_ALLOGRAFT_REJECTION,HALLMARK_ALLOGRAFT_REJECTION,Hallmark,Treg,SF_vs_PB_Treg,2.22896058,0.509982423,1.6269695e-10,1.16212107e-9,167,55,SRGN/CD74/CXCL13/IL2RB/CCR1/CXCR3/CCL4/HLA-DMA/CCR5/BCL3/IL2RA/IL10/STAT4/CD2/TIMP1/HLA-DRA/CSF1/TNF/IL2RG/CD80/FASLG/IFNGR1/CCND2/IL18RAP/GCNT1/CD4/CCL5/EIF4G3/HLA-DQA1/IL4R/ICAM1/GZMB/GZMA/HDAC9/GALNT1/IL7/BCAT1/HIF1A/DYRK3/HLA-DMB/CCR2/HLA-A/IRF7/F2R/MMP9/CAPG/ITGB2/CCL22/CD96/PRF1/TAP1/IL12RB1/NCF4/LIF/UBE2N,up,FALSE
HALLMARK_INTERFERON_ALPHA_RESPONSE,HALLMARK_INTERFERON_ALPHA_RESPONSE,Hallmark,Treg,SF_vs_PB_Treg,2.35497011,0.589391736,3.47144444e-10,2.16965278e-9,91,51,CD74/LY6E/OASL/BST2/CSF1/LAP3/RSAD2/IFI44/ISG15/OAS1/TDRD7/PARP9/IL4R/IFI35/IFITM2/USP18/DDX60/IFITM3/EIF2AK2/CMPK2/IL7/MX1/DHX58/CNP/HELZ2/IRF7/TRIM25/CCRL2/SAMD9L/TAP1/IFI44L/HLA-C/EPSTI1/PSME2/PSMA3/IFI27/CASP1/B2M/SAMD9/LGALS3BP/PNPT1/CXCL10/HERC6/IFIH1/ISG20/PSMB9/TRIM21/GBP2/IL15/LAMP3/RTP4,up,FALSE
HALLMARK_APOPTOSIS,HALLMARK_APOPTOSIS,Hallmark,Treg,SF_vs_PB_Treg,2.26387251,0.532663713,4.70789473e-10,2.37704738e-9,136,54,CDKN1A/LGALS3/EMP1/TNFRSF12A/GNA15/RHOB/CD2/TIMP1/PEA15/LMNA/TNF/FASLG/IFNGR1/GADD45A/BID/CCND2/CLU/BTG3/BCL2L1/ANXA1/EBP/IFITM3/PPT1/CTNNB1/GSN/EGR3/NEDD9/ENO2/CD44/ATF3/SC5D/IL1A/F2R/CASP9/DNAJA1/PRF1/TAP1/SLC20A1/SOD1/PSEN2/SQSTM1/BCAP31/HSPB1/DDIT3/PSEN1/DNAJC3/GPX1/IGF2R/CASP7/TSPO/FAS/BNIP3L/CASP1/DNM1L,up,FALSE
HALLMARK_HYPOXIA,HALLMARK_HYPOXIA,Hallmark,Treg,SF_vs_PB_Treg,2.2562687,0.528952536,4.75409476e-10,2.37704738e-9,139,63,BHLHE40/CDKN1A/RBPJ/DDIT4/SDC4/GALK1/PGK1/FOSL2/SLC6A6/ENO1/S100A4/PFKP/NAGK/MT2A/MIF/IDS/PAM/GLRX/TPI1/UGP2/P4HA2/SLC2A3/PRDX5/PIM1/GPI/ANXA2/LDHA/AK4/KDELR3/PFKFB3/COL5A1/ENO2/FOS/ATF3/VLDLR/B3GALT6/KLF6/ALDOC/PGM1/MT1E/CXCR4/LXN/P4HA1/SERPINE1/GAPDH/PLAUR/GBE1/HK1/SLC2A1/GPC1/DDIT3/NDRG1/ALDOA/HS3ST1/SLC37A4/TGFBI/BNIP3L/HK2/JMJD6/NFIL3/PLIN2/VEGFA/XPNPEP1,up,FALSE
HALLMARK_CHOLESTEROL_HOMEOSTASIS,HALLMARK_CHOLESTEROL_HOMEOSTASIS,Hallmark,Treg,SF_vs_PB_Treg,2.42398325,0.646812779,1.41036566e-9,6.41075301e-9,63,37,LGALS3/TNFRSF12A/S100A11/ANTXR2/ETHE1/CD9/CLU/IDI1/LDLR/SQLE/EBP/CTNNB1/FBXO6/SREBF2/PPARG/PMVK/ATF3/SC5D/DHCR7/HMGCS1/ALDOC/CXCL16/ANXA5/SCD/GUSB/PLAUR/TRIB3/CYP51A1/FASN/NFIL3/MVD/ACSS2/STARD4/HMGCR/FADS2/CPEB2/FABP5,up,FALSE
HALLMARK_EPITHELIAL_MESENCHYMAL_TRANSITION,HALLMARK_EPITHELIAL_MESENCHYMAL_TRANSITION,Hallmark,Treg,SF_vs_PB_Treg,2.28161078,0.57206308,2.82173695e-9,1.17572373e-8,90,40,SDC4/TNFRSF12A/SERPINE2/RHOB/TIMP1/SGCB/LGALS1/ID2/PTHLH/GADD45A/SERPINH1/VIM/IL32/GEM/PLOD3/EMP3/CALU/ECM1/PDLIM4/BMP1/COL5A1/ENO2/CD44/QSOX1/IGFBP4/CAPG/ITGA2/TPM4/SERPINE1/LOXL1/PLAUR/PPIB/ADAM12/PMEPA1/NOTCH2/FN1/GPC1/FAS/TGFBI/FUCA1,up,FALSE
HALLMARK_COAGULATION,HALLMARK_COAGULATION,Hallmark,Treg,SF_vs_PB_Treg,2.30145772,0.609135797,4.79979976e-8,1.84607683e-7,66,29,FURIN/CTSB/TIMP1/TMPRSS6/DUSP14/CD9/CLU/PRSS23/LAMP2/F12/ANXA1/ARF4/RABIF/CAPN2/BMP1/GSN/CRIP2/MMP9/CASP9/ITGA2/SERPINE1/PLAU/CSRP1/ANG/FN1/C1QA/CTSH/PEF1/PROS1,up,FALSE
HALLMARK_ADIPOGENESIS,HALLMARK_ADIPOGENESIS,Hallmark,Treg,SF_vs_PB_Treg,2.03620395,0.469842019,1.33455072e-7,4.54406592e-7,157,80,REEP5/FAH/CD151/G3BP2/IFNGR1/GADD45A/ARL4A/YWHAG/ATP1B3/APLP2/SLC1A5/STOM/TANK/PPARG/PFKFB3/RTN3/DHRS7/IDH1/ECHS1/ELOVL6/DHCR7/IDH3A/PGM1/NDUFB7/MTCH2/MRPL15/SOD1/GBE1/QDPR/NDUFAB1/ACAA2/LPCAT3/UBC/ABCA1/PHYH/ALDH2/MGST3/SCP2/COX8A/ABCB8/PRDX3/GRPEL1/ALDOA/SLC19A1/CMPK1/ACADM/CRAT/UCP2/PLIN2/RMDN3/ANGPTL4/UQCRQ/PREB/PEMT/DNAJC15/LTC4S/TOB1/AGPAT3/PIM3/AK2/RAB34/IMMT/ADIPOR2/ACLY/PEX14/COQ9/COX7B/NDUFA5/POR/TST/DLAT/SAMM50/COQ3/NDUFS3/ARAF/MDH2/DLD/BCL6/APOE/ITSN1,up,FALSE
HALLMARK_COMPLEMENT,HALLMARK_COMPLEMENT,Hallmark,Treg,SF_vs_PB_Treg,2.03751958,0.474712243,1.36321978e-7,4.54406592e-7,146,56,APOBEC3G/CTSC/LGALS3/CTSB/TIMP1/HSPA1A/TMPRSS6/LAP3/APOBEC3F/SPOCK2/CLU/PIM1/LAMP2/CCL5/F5/GZMB/GZMA/RABIF/CTSD/GNAI3/GNG2/IRF7/ITGAM/CASP9/MSRB1/ANXA5/RHOG/GMFB/CTSL/SERPINE1/PLAUR/DUSP5/CSRP1/MT3/ATOX1/ANG/USP14/CBLB/PRKCD/FN1/C1QA/PSEN1/DOCK10/CTSH/STX4/CASP7/C1QC/CASP1/PRDM4/XPNPEP1/GCA/CALM1/CD40LG/PFN1/DUSP6/PPP2CB,up,FALSE
HALLMARK_IL6_JAK_STAT3_SIGNALING,HALLMARK_IL6_JAK_STAT3_SIGNALING,Hallmark,Treg,SF_vs_PB_Treg,2.19081511,0.576364459,3.10397098e-7,9.69990932e-7,68,21,CXCL13/CCR1/TNFRSF12A/IL2RA/EBI3/CSF1/TNF/IL1R1/IL2RG/IFNGR1/CD9/STAT3/PIM1/IL1R2/CSF2/TNFRSF1B/IL4R/IL7/PTPN1/CD44/IL15RA,up,FALSE
HALLMARK_XENOBIOTIC_METABOLISM,HALLMARK_XENOBIOTIC_METABOLISM,Hallmark,Treg,SF_vs_PB_Treg,1.92579678,0.458235083,1.05136081e-5,3.09223767e-5,126,46,SERTAD1/FAH/SLC6A6/MT2A/IL1R1/ARG2/ID2/ARPP19/PTS/PGRMC1/SLC1A5/ABHD6/GSTO1/GSS/HPRT1/COMT/ACOX3/BCAT1/MAN1A1/UPP1/DHRS7/IDH1/ASL/PMM1/NQO1/NINJ1/IGFBP4/SLC35B1/TMBIM6/ACP2/DDAH2/SAR1B/SLC35D1/BLVRB/SERPINE1/PGD/ATP2A2/ALDH2/ETS2/LPIN2/SMOX/PYCR1/FAS/PROS1/MTHFD1/ALAS1,up,FALSE
HALLMARK_OXIDATIVE_PHOSPHORYLATION,HALLMARK_OXIDATIVE_PHOSPHORYLATION,Hallmark,Treg,SF_vs_PB_Treg,1.7933972,0.406773175,1.68007427e-5,4.66687296e-5,179,83,ATP1B1/VDAC1/COX17/GPI/NDUFB2/LDHA/CYB5R3/ATP6V0B/CYCS/NDUFV2/ATP6V1F/ATP6V1E1/IDH1/ECHS1/NDUFA6/HSPA9/NDUFA4/IDH3A/COX7A2/TIMM17A/NDUFB7/TIMM8B/HSD17B10/MRPL15/TCIRG1/NDUFAB1/ACAA2/ATP6V0E1/ATP6AP1/MTX2/PHYH/MGST3/TIMM10/COX8A/NDUFS4/PRDX3/GRPEL1/NDUFS6/NDUFS8/COX5A/CASP7/ACADM/BDH2/HTRA2/SLC25A12/ALAS1/SLC25A11/ATP6V0C/HCCS/PDHA1/UQCRQ/MRPS12/MPC1/ACADVL/ISCU/COX6C/SLC25A3/NDUFB3/TIMM50/NDUFB6/MRPS22/IMMT/ETFA/VDAC2/ATP6V1D/COX7B/MDH1/HADHB/NDUFA5/POR/NDUFA1/DLAT/GLUD1/NDUFC1/NDUFS3/MRPL35/CYB5A/MDH2/TIMM13/DLD/PDHB/IDH2/NQO2,up,FALSE
HALLMARK_PROTEIN_SECRETION,HALLMARK_PROTEIN_SECRETION,Hallmark,Treg,SF_vs_PB_Treg,1.96073159,0.493558768,2.20468896e-5,5.80181306e-5,88,33,CTSC/CD63/TMED10/VAMP4/PAM/RAB5A/LAMP2/ARFGAP3/PPT1/NAPG/KIF1B/AP2B1/YIPF6/GLA/TSG101/RER1/SOD1/ARF1/AP3S1/LMAN1/TMED2/ABCA1/CLTC/COPE/COPB2/IGF2R/SCAMP3/DNM1L/VAMP3/COPB1/RAB2A/NAPA/SNAP23,up,FALSE
HALLMARK_ESTROGEN_RESPONSE_LATE,HALLMARK_ESTROGEN_RESPONSE_LATE,Hallmark,Treg,SF_vs_PB_Treg,1.83969458,0.43915884,2.95077799e-5,7.37694498e-5,123,52,BATF/TSPAN13/SLC27A2/CISH/CD9/ID2/NAB2/SGK1/ARL3/BTG3/PRSS23/MYOF/SLC16A1/PERP/HPRT1/NCOR2/EGR3/DYNLT3/ATP2B4/GALE/PLXNB1/CD44/FOS/GLA/IGFBP4/SLC7A5/DHCR7/NXT1/DLG5/BLVRB/DUSP2/ALDH3A2/KCNK5/SNX10/ABHD2/KLF4/SLC29A1/DNAJC1/FKBP4/SLC2A8/SLC1A4/ABCA3/TMPRSS3/FABP5/RBBP8/TOB1/COX6C/ISG20/DNAJC12/MYB/CKB/ZFP36,up,FALSE
HALLMARK_REACTIVE_OXYGEN_SPECIES_PATHWAY,HALLMARK_REACTIVE_OXYGEN_SPECIES_PATHWAY,Hallmark,Treg,SF_vs_PB_Treg,2.07571713,0.591458127,4.38794379e-5,9.98020545e-5,45,21,PRDX4/PFKP/TXN/PRNP/GLRX/PDLIM1/CDKN2D/LAMTOR5/PRDX1/SBNO2/NQO1/NDUFA6/MPO/GLRX2/SOD1/ATOX1/PRDX6/TXNRD1/LSP1/HMOX2/HHEX,up,FALSE
HALLMARK_FATTY_ACID_METABOLISM,HALLMARK_FATTY_ACID_METABOLISM,Hallmark,Treg,SF_vs_PB_Treg,1.82170251,0.434863902,4.3912904e-5,9.98020545e-5,123,60,IL4I1/LGALS1/MIF/IDI1/S100A10/LDHA/PTS/ACSL4/ENO2/IDH1/ECHS1/ACSL1/NBN/CBR3/HMGCS1/YWHAH/ECI2/HSD17B10/CRYZ/HSPH1/PCBD1/ALDH3A2/ACAA2/DHCR24/PRDX6/ALDOA/OSTC/HPGD/ACADM/CRAT/RDH11/G0S2/FASN/METAP1/CBR1/HCCS/PDHA1/GABARAPL1/LTC4S/ACADVL/NSDHL/ADIPOR2/AUH/MDH1/HSP90AA1/HADHB/UROS/NCAPH2/BPHL/ACAT2/MDH2/TP53INP2/DLD/PDHB/GLUL/UBE2L6/SDHC/PPARA/RAP1GDS1/IDH3G,up,FALSE
HALLMARK_P53_PATHWAY,HALLMARK_P53_PATHWAY,Hallmark,Treg,SF_vs_PB_Treg,1.73077846,0.395755913,7.18992249e-5,1.56302663e-4,168,51,CDKN1A/DDIT4/SLC3A2/VDR/RGS16/MAPKAPK3/S100A4/RXRA/NOTCH1/GADD45A/CCND2/PDGFA/VWA5A/TCN2/S100A10/GM2A/STOM/TP63/SERTAD3/PERP/IER5/CTSD/CD82/PLXNB2/KIF13B/RALGDS/JAG2/UPP1/DDB2/FOS/PMM1/ATF3/NINJ1/VAMP8/IL1A/F2R/DRAM1/SLC35D1/TAP1/EPS8L2/HBEGF/LIF/PRKAB1/DDIT3/NDRG1/TRIB3/FAS/KLF4/CASP1/FUCA1/RHBDF2,up,FALSE
HALLMARK_UNFOLDED_PROTEIN_RESPONSE,HALLMARK_UNFOLDED_PROTEIN_RESPONSE,Hallmark,Treg,SF_vs_PB_Treg,1.71911964,0.421472815,6.08570704e-4,0.0012678556300000001,103,37,DDIT4/WIPI1/YIF1A/MTHFD2/TUBB2A/EIF4EBP1/DNAJA4/KDELR3/SPCS1/EIF4G1/SRPRB/ATF3/EXOSC4/HERPUD1/HSPA9/SLC7A5/BANF1/KIF5B/EIF2S1/CALR/PAIP1/YWHAZ/PDIA6/SPCS3/EIF4E/SEC11A/NHP2/IFIT1/DNAJC3/HSP90B1/VEGFA/CCL2/EDEM1/HSPA5/HYOU1/SLC1A4/PREB,up,FALSE
HALLMARK_KRAS_SIGNALING_UP,HALLMARK_KRAS_SIGNALING_UP,Hallmark,Treg,SF_vs_PB_Treg,1.67656381,0.400217419,8.81936933e-4,0.00176387387,123,46,EMP1/GADD45G/RGS16/C3AR1/LAT2/BPGM/IL2RG/KCNN4/TSPAN13/ID2/GLRX/CCND2/MMD/VWA5A/CCL20/CSF2/TNFRSF1B/HDAC9/LY96/PCSK1N/PRDM1/MMP9/PDCD1LG2/ITGA2/TRAF1/ITGB2/CXCR4/PLAU/PLAUR/HBEGF/DOCK2/LIF/KLF4/G0S2/GPNMB/CBX8/FUCA1/KIF5C/USP12/IL1RL2/NRP1/DUSP6/ADAM8/TOR1AIP2/ANGPTL4/CXCL10,up,FALSE
HALLMARK_HEME_METABOLISM,HALLMARK_HEME_METABOLISM,Hallmark,Treg,SF_vs_PB_Treg,1.60406305,0.373723216,0.00142256814,0.00273570797,146,59,ACP5/KAT2B/CTSB/BPGM/P4HA2/BSG/MFHAS1/LAMP2/MPP1/ADIPOR1/CAST/PICALM/UBAC1/AGPAT4/OSBP2/BACH1/RNF19A/HTATIP2/ARHGEF12/HAGH/FBXO34/RAD23A/BLVRB/FECH/MOSPD1/ARL2BP/GDE1/DMTN/SLC2A1/SLC11A2/MGST3/NARF/LPIN2/SMOX/UCP2/HTRA2/BNIP3L/SEC14L1/PSMD9/CDC27/PPOX/TMEM9B/BMP2K/OPTN/MINPP1/SLC30A1/DCUN1D1/FBXO7/ATP6V0A1/MOCOS/HMBS/HDGF/SLC10A3/ELL2/NFE2L1/SDCBP/UROS/ATG4A/DCAF11,up,FALSE
HALLMARK_UV_RESPONSE_UP,HALLMARK_UV_RESPONSE_UP,Hallmark,Treg,SF_vs_PB_Treg,1.62157305,0.39005087,0.00184140482,0.00341000893,117,37,FURIN/RHOB/STIP1/NR4A1/BID/BTG3/BSG/ICAM1/PPT1/ATP6V1F/CNP/RAB27A/ENO2/FOS/ATF3/TMBIM6/HSPA13/RPN1/DNAJA1/TAP1/HLA-F/SQSTM1/PSMC3/PRKCD/NFKBIA/HSPA2/GRPEL1/ALDOA/HYAL2/DLG4/STARD3/ALAS1/SPR/PDAP1/HMOX1/CYB5B/FOSB,up,FALSE
HALLMARK_PEROXISOME,HALLMARK_PEROXISOME,Hallmark,Treg,SF_vs_PB_Treg,1.63179548,0.414062453,0.00304804546,0.00544293833,84,26,MVP/HSD3B7/SLC27A2/ERCC1/PRDX5/IDI1/ACSL4/PRDX1/ISOC1/IDH1/SLC25A19/ACSL1/ITGB1BP1/FIS1/YWHAH/ECI2/SLC35B2/SOD1/DHCR24/SCP2/PEX2/FADS1/CRAT/TSPO/DLG4/RDH11,up,FALSE
HALLMARK_MYOGENESIS,HALLMARK_MYOGENESIS,Hallmark,Treg,SF_vs_PB_Treg,1.53177004,0.37393414,0.00705461419,0.0121631279,106,26,BHLHE40/CDKN1A/PDLIM7/MYO1C/NOTCH1/PTP4A3/PRNP/CLU/PVALB/TPM3/RYR1/PLXNB2/MB/GSN/NQO1/ACSL1/FKBP1B/SCD/DAPK2/NCAM1/PSEN2/HBEGF/ADAM12/FHL1/ATP6AP1/SYNGR2,up,FALSE
HALLMARK_ESTROGEN_RESPONSE_EARLY,HALLMARK_ESTROGEN_RESPONSE_EARLY,Hallmark,Treg,SF_vs_PB_Treg,1.44254977,0.344355249,0.0149097263,0.0248495438,123,35,BHLHE40/MAST4/SLC27A2/CISH/ARL3/PRSS23/MYOF/SLC16A1/NCOR2/SLC39A6/EGR3/DYNLT3/SEC14L2/SLC1A1/KLF10/CD44/FOS/GLA/IGFBP4/MUC1/SLC7A5/DHCR7/NXT1/BLVRB/MREG/KCNK5/SLC2A1/SLC37A1/UGCG/UNC119/CLDN7/RHOD/ABHD2/KLF4/FASN,up,FALSE
HALLMARK_E2F_TARGETS,HALLMARK_E2F_TARGETS,Hallmark,Treg,SF_vs_PB_Treg,1.35868622,0.304890232,0.0202012175,0.0325826088,195,104,CDKN1A/PRDX4/MTHFD2/DCTPP1/EED/PTTG1/PA2G4/PRPS1/NBN/EIF2S1/SYNCRIP/SNRPB/POP7/SRSF2/RAD50/RANBP1/NME1/RFC2/MLH1/SMC3/RAN/RACGAP1/TUBG1/AK2/TUBB/CKS2/ILF3/IPO7/UNG/MCM6/NUDT21/KPNA2/POLD3/DEK/CKS1B/GSPT1/LMNB1/XRCC6/ESPL1/UBE2T/RAD1/NUP153/ANP32E/NUP205/GINS1/XPO1/CTPS1/PSMC3IP/UBR7/RPA3/SMC1A/CDK4/TFRC/RBBP7/CDK1/STAG1/NUP107/NAA38/PAICS/PCNA/TBRG4/POLD2/TIMELESS/RNASEH2A/CHEK2/MELK/NASP/TIPIN/AURKA/PHF5A/TCF19/CDC25A/MCM3/POLE/KIF18B/BUB1B/TOP2A/TRIP13/MCM2/PRKDC/BRCA2/GINS3/DCLRE1B/RAD51AP1/SPC25/HMGB3/POLE4/CDKN2C/CDCA3/CCP110/MYBL2/CENPM/PPP1R8/PLK4/KIF2C/ASF1B/CDCA8/SMC4/USP1/CENPE/WDR90/MAD2L1/DIAPH3/CHEK1,up,FALSE
HALLMARK_MYC_TARGETS_V1,HALLMARK_MYC_TARGETS_V1,Hallmark,Treg,SF_vs_PB_Treg,1.28887041,0.289829832,0.0452596854,0.0707182585,192,72,PRDX4/PGK1/PSMD1/VDAC1/LDHA/HSP90AB1/HPRT1/CLNS1A/PSMD14/CSTF2/PSMA7/PA2G4/PSMD8/PSMD7/BUB3/PSMB3/EXOSC7/EIF2S1/SYNCRIP/PSMA6/AP3S1/NDUFAB1/EIF4E/NHP2/YWHAQ/PSMC4/HSPE1/HNRNPA3/EIF3J/PRDX3/FAM120A/SNRPD1/COX5A/ILF2/SRSF2/EIF1AX/SNRPA1/PSMB2/UBE2L3/PSMD3/RANBP1/SRSF7/PPM1G/RNPS1/NME1/SSBP1/SNRPD3/SNRPG/LSM2/RAN/ETF1/SLC25A3/AIMP2/SNRPB2/MCM6/NOP16/KPNA2/DEK/GSPT1/HDGF/XPOT/TCP1/XRCC6/U2AF1/CDK2/XPO1/YWHAE/CTPS1/SRPK1/CANX/ERH/GNL3,up,FALSE
HALLMARK_ANGIOGENESIS,HALLMARK_ANGIOGENESIS,Hallmark,Treg,SF_vs_PB_Treg,1.50260771,0.538890449,0.0504805414,0.0764856688,17,13,TIMP1/S100A4/CCND2/PDGFA/LRPAP1/JAG2/VAV2/VEGFA/NRP1/OLR1/ITGAV/SPP1/FGFR1,up,FALSE
HALLMARK_PI3K_AKT_MTOR_SIGNALING,HALLMARK_PI3K_AKT_MTOR_SIGNALING,Hallmark,Treg,SF_vs_PB_Treg,1.33766403,0.332813834,0.0546978837,0.0804380642,94,31,CDKN1A/IL2RG/FASLG/MKNK1/RALB/ARHGDIA/CXCR4/DUSP3/YWHAB/CALR/NFKBIB/MAPK8/ARF1/SQSTM1/EIF4E/CAB39/UBE2N/SLC2A1/CLTC/DDIT3/TBK1/TRIB3/PIN1/SLA/CFL1/HSP90B1/AKT1/RIT1/PTPN11/PFN1/HRAS,up,FALSE
HALLMARK_PANCREAS_BETA_CELLS,HALLMARK_PANCREAS_BETA_CELLS,Hallmark,Treg,SF_vs_PB_Treg,1.4944851,0.575628865,0.0590707582,0.0843867975,13,5,VDR/SPCS1/SRPRB/FOXO1/SEC11A,up,FALSE
HALLMARK_APICAL_JUNCTION,HALLMARK_APICAL_JUNCTION,Hallmark,Treg,SF_vs_PB_Treg,1.29747082,0.311552243,0.0641077036,0.0890384772,118,41,ACTN4/LAYN/FSCN1/CD276/MYL12B/CTNNA1/ICAM1/MAPK11/CD99/ADAM15/CD274/BMP1/MMP9/PARD6G/ITGA3/ITGA2/TRAF1/YWHAH/LIMA1/CAP1/RRAS/NF2/CLDN7/RHOF/STX4/CRAT/ACTG2/TGFBI/VAV2/MVD/LAMB3/IKBKG/PFN1/ACTB/HRAS/PTPRC/ARPC2/SRC/MSN/TUBG1/SKAP2,up,FALSE
HALLMARK_ANDROGEN_RESPONSE,HALLMARK_ANDROGEN_RESPONSE,Hallmark,Treg,SF_vs_PB_Treg,1.32070323,0.337941079,0.0712002074,0.0943556453,80,26,CDK6/SGK1/ACSL3/MAF/IDI1/TMEM50A/GNAI3/PA2G4/ADRM1/HMGCS1/SCD/MYL12A/LMAN1/UBE2I/DHCR24/SPCS3/PMEPA1/NDRG1/HPGD/FADS1/ABHD2/AKT1/B2M/SRF/MAK/RRP12,up,FALSE
HALLMARK_TGF_BETA_SIGNALING,HALLMARK_TGF_BETA_SIGNALING,Hallmark,Treg,SF_vs_PB_Treg,1.36815142,0.386310599,0.0717102904,0.0943556453,47,12,SKIL/FURIN/FKBP1A/ID2/RHOA/CTNNB1/NCOR2/KLF10/SLC20A1/SERPINE1/PMEPA1/CDK9,up,FALSE
HALLMARK_KRAS_SIGNALING_DN,HALLMARK_KRAS_SIGNALING_DN,Hallmark,Treg,SF_vs_PB_Treg,1.30214387,0.339920085,0.0875680186,0.112266691,71,16,SKIL/PDCD1/CD80/RSAD2/SGK1/CALCB/RYR1/MX1/MFSD6/CLSTN3/FGGY/PTPRJ/IFI44L/GPR19/CCR8/MAGIX,up,FALSE
HALLMARK_DNA_REPAIR,HALLMARK_DNA_REPAIR,Hallmark,Treg,SF_vs_PB_Treg,1.22905235,0.287672507,0.100446209,0.125557761,141,37,ERCC1/NT5C/COX17/POLR2K/RBX1/ITPA/HPRT1/CMPK2/DDB2/PDE4B/TSG101/ADRM1/GUK1/PNP/NELFE/MPC2/BCAP31/TMED2/TAF13/STX3/VPS37B/POLR1C/POLR2E/MRPL40/NME1/RFC2/GTF2H5/AAAS/DAD1/POLR2G/EDF1/DGUOK/NUDT21/POLD3/NME3/SDCBP/NELFCD,up,FALSE
HALLMARK_WNT_BETA_CATENIN_SIGNALING,HALLMARK_WNT_BETA_CATENIN_SIGNALING,Hallmark,Treg,SF_vs_PB_Treg,-1.30410955,-0.397548303,0.121074479,0.147651804,28,8,HDAC5/CSNK1E/TP53/AXIN2/PPARD/LEF1/MYC/TCF7,down,FALSE
HALLMARK_HEDGEHOG_SIGNALING,HALLMARK_HEDGEHOG_SIGNALING,Hallmark,Treg,SF_vs_PB_Treg,1.29918583,0.45263347,0.148143246,0.176361007,19,9,CDK6/CRMP1/VLDLR/DPYSL2/ETS2/VEGFA/NRP1/L1CAM/PML,up,FALSE
HALLMARK_UV_RESPONSE_DN,HALLMARK_UV_RESPONSE_DN,Hallmark,Treg,SF_vs_PB_Treg,-1.13849022,-0.271076549,0.206219234,0.239789807,90,29,CDKN1B/DLG1/NR1D2/DYRK1A/NIPBL/BCKDHB/MAP2K5/IRS1/WDR37/PHF3/MRPS31/INPP4B/TGFBR2/FHL2/SCAF8/CDK13/SYNE1/KALRN/TGFBR3/PRKCA/IGF1R/ATXN1/CITED2/DBP/MYC/FBLN5/CELF2/ADD3/SMAD3,down,FALSE
HALLMARK_BILE_ACID_METABOLISM,HALLMARK_BILE_ACID_METABOLISM,Hallmark,Treg,SF_vs_PB_Treg,1.09756144,0.283145782,0.289389792,0.328852036,76,18,HSD3B7/CYP7B1/SLC27A2/RXRA/PRDX5/IDI1/ISOC1/IDH1/ACSL1/PEX11G/SLC35B2/SOD1/DHCR24/ABCA1/PHYH/SCP2/NEDD4/FADS1,up,FALSE
HALLMARK_MYC_TARGETS_V2,HALLMARK_MYC_TARGETS_V2,Hallmark,Treg,SF_vs_PB_Treg,1.0941129,0.29726546,0.304596484,0.338440538,57,16,DCTPP1/MRTO4/PA2G4/DUSP2/PES1/HSPE1/NOC4L/SLC19A1/BYSL/HK2/MAP3K6/RRP12/FARSA/AIMP2/UNG/NOP16,up,FALSE
HALLMARK_APICAL_SURFACE,HALLMARK_APICAL_SURFACE,Hallmark,Treg,SF_vs_PB_Treg,-0.937541104,-0.285802581,0.554017343,0.602192764,28,4,DCBLD2/AKAP7/MAL/APP,down,FALSE
HALLMARK_G2M_CHECKPOINT,HALLMARK_G2M_CHECKPOINT,Hallmark,Treg,SF_vs_PB_Treg,0.930559675,0.210546807,0.631038782,0.671317854,182,99,BCL3/MT2A/KIF20B/SQLE/HIF1A/EFNA5/PTTG1/BUB3/SLC7A5/KIF5B/SYNCRIP/NOTCH2/SNRPD1/SRSF2/CDC27/PAFAH1B1/SAP30/UCK2/PML/RACGAP1/CKS2/ILF3/MCM6/E2F4/KPNA2/CKS1B/GSPT1/LMNB1/ESPL1/TNPO2/EWSR1/XPO1/MNAT1/LIG3/TOP1/SMC1A/CDK4/DR1/PRMT5/AMD1/DKC1/CDK1/CCND1/STAG1/E2F3/E2F1/KIF23/NASP/DTYMK/UBE2C/TFDP1/AURKA/SMARCC1/SS18/SMC2/CDC25A/TLE3/MCM3/NDC80/POLE/TOP2A/MCM2/PBK/ATF5/BRCA2/NUSAP1/HMGB3/SLC7A1/ABL1/CDKN2C/RAD54L/CDC45/MYBL2/PLK4/KIF2C/NUMA1/KIF11/SMC4/CENPE/MAD2L1/STIL/CHEK1/CDC6/TTK/NEK2/SUV39H1/GINS2/ORC6/CHMP1A/FOXN3/BARD1/WRN/ARID4A/KIF15/POLA2/FBXO5/EZH2/PRC1/CCNA2,up,FALSE
HALLMARK_MITOTIC_SPINDLE,HALLMARK_MITOTIC_SPINDLE,Hallmark,Treg,SF_vs_PB_Treg,0.89665708,0.203205659,0.719492285,0.74947113,180,37,ACTN4/FSCN1/KIF20B/MYO1E/EZR/CYTH2/PLEKHG2/GSN/CTTN/KIF1B/NEDD9/MAPRE1/ARHGDIA/ARHGEF12/CDC42EP1/KIF5B/KIF3C/STAU1/MAP1S/DOCK2/NOTCH2/AKAP13/PCGF5/DYNC1H1/RHOF/ARF6/CCDC88A/CDC27/CLIP1/KATNB1/PAFAH1B1/ABR/ROCK1/ARL8A/SMC3/ABI1/RACGAP1,up,FALSE
HALLMARK_NOTCH_SIGNALING,HALLMARK_NOTCH_SIGNALING,Hallmark,Treg,SF_vs_PB_Treg,0.74424261,0.256017089,0.823497247,0.840303313,20,11,NOTCH1/RBX1/PSEN2/NOTCH2/PSENEN/SAP30/LFNG/ARRB1/SKP1/FBXW11/CCND1,up,FALSE
HALLMARK_SPERMATOGENESIS,HALLMARK_SPERMATOGENESIS,Hallmark,Treg,SF_vs_PB_Treg,-0.68652004,-0.169884281,0.977874125,0.977874125,73,22,IFT88/HSPA1L/CCT6B/MTOR/DBF4/RPL39L/PHF7/TULP2/ZC3H14/BRAF/LPIN1/SIRT1/PIAS2/ACRBP/STRBP/GSTM3/JAM3/MLLT10/TKTL1/MAP7/TLE4/CAMK4,down,FALSE
