population,sample_id,donor,tissue,n_cells,pathway_name,activity,pvalue,n_genes_scored
CD8,JIA_patient_1|synovial_fluid|CD8,JIA_patient_1,synovial_fluid,2787,Androgen,0.281815514,0.77808914,14014
CD8,JIA_patient_1|peripheral_blood|CD8,JIA_patient_1,peripheral_blood,2547,Androgen,1.7041835,0.0883690027,14014
CD8,JIA_patient_2|synovial_fluid|CD8,JIA_patient_2,synovial_fluid,2545,Androgen,-1.35288206,0.17611516,14014
CD8,JIA_patient_2|peripheral_blood|CD8,JIA_patient_2,peripheral_blood,1637,Androgen,0.200935072,0.840752262,14014
CD8,JIA_patient_3|synovial_fluid|CD8,JIA_patient_3,synovial_fluid,2478,Androgen,-0.585456369,0.558250333,14014
CD8,JIA_patient_4|synovial_fluid|CD8,JIA_patient_4,synovial_fluid,2502,Androgen,-0.726787776,0.467368125,14014
CD8,JIA_patient_4|peripheral_blood|CD8,JIA_patient_4,peripheral_blood,2675,Androgen,0.141648328,0.88735983,14014
CD8,JIA_patient_5|synovial_fluid|CD8,JIA_patient_5,synovial_fluid,2648,Androgen,0.140903932,0.887947863,14014
CD8,JIA_patient_5|peripheral_blood|CD8,JIA_patient_5,peripheral_blood,2786,Androgen,0.289463166,0.77223125,14014
CD8,JIA_patient_6|synovial_fluid|CD8,JIA_patient_6,synovial_fluid,3287,Androgen,-1.34092959,0.17996507,14014
CD8,JIA_patient_6|peripheral_blood|CD8,JIA_patient_6,peripheral_blood,3311,Androgen,-0.863391362,0.387937119,14014
CD8,JIA_patient_7|synovial_fluid|CD8,JIA_patient_7,synovial_fluid,2763,Androgen,2.40247742,0.0162973775,14014
CD8,JIA_patient_7|peripheral_blood|CD8,JIA_patient_7,peripheral_blood,2861,Androgen,0.313172438,0.754154323,14014
CD8,JIA_patient_1|synovial_fluid|CD8,JIA_patient_1,synovial_fluid,2787,EGFR,3.57171964,3.55834745e-4,14014
CD8,JIA_patient_1|peripheral_blood|CD8,JIA_patient_1,peripheral_blood,2547,EGFR,-2.14466835,0.0319965338,14014
CD8,JIA_patient_2|synovial_fluid|CD8,JIA_patient_2,synovial_fluid,2545,EGFR,4.66600292,3.09960093e-6,14014
CD8,JIA_patient_2|peripheral_blood|CD8,JIA_patient_2,peripheral_blood,1637,EGFR,-4.43320169,9.35503904e-6,14014
CD8,JIA_patient_3|synovial_fluid|CD8,JIA_patient_3,synovial_fluid,2478,EGFR,3.54757501,3.90066707e-4,14014
CD8,JIA_patient_4|synovial_fluid|CD8,JIA_patient_4,synovial_fluid,2502,EGFR,2.50427711,0.0122814698,14014
CD8,JIA_patient_4|peripheral_blood|CD8,JIA_patient_4,peripheral_blood,2675,EGFR,-2.93137205,0.00338014174,14014
CD8,JIA_patient_5|synovial_fluid|CD8,JIA_patient_5,synovial_fluid,2648,EGFR,2.87207609,0.00408397149,14014
CD8,JIA_patient_5|peripheral_blood|CD8,JIA_patient_5,peripheral_blood,2786,EGFR,-4.93074454,8.28558169e-7,14014
CD8,JIA_patient_6|synovial_fluid|CD8,JIA_patient_6,synovial_fluid,3287,EGFR,0.91905736,0.358081406,14014
CD8,JIA_patient_6|peripheral_blood|CD8,JIA_patient_6,peripheral_blood,3311,EGFR,-7.19298646,6.66071115e-13,14014
CD8,JIA_patient_7|synovial_fluid|CD8,JIA_patient_7,synovial_fluid,2763,EGFR,4.15482476,3.27470317e-5,14014
CD8,JIA_patient_7|peripheral_blood|CD8,JIA_patient_7,peripheral_blood,2861,EGFR,-1.05398556,0.291907717,14014
CD8,JIA_patient_1|synovial_fluid|CD8,JIA_patient_1,synovial_fluid,2787,Estrogen,-0.188633016,0.850383189,14014
CD8,JIA_patient_1|peripheral_blood|CD8,JIA_patient_1,peripheral_blood,2547,Estrogen,-0.988931225,0.322713884,14014
CD8,JIA_patient_2|synovial_fluid|CD8,JIA_patient_2,synovial_fluid,2545,Estrogen,-2.8842559,0.00392938094,14014
CD8,JIA_patient_2|peripheral_blood|CD8,JIA_patient_2,peripheral_blood,1637,Estrogen,1.71225611,0.0868716275,14014
CD8,JIA_patient_3|synovial_fluid|CD8,JIA_patient_3,synovial_fluid,2478,Estrogen,-1.05850899,0.289841716,14014
CD8,JIA_patient_4|synovial_fluid|CD8,JIA_patient_4,synovial_fluid,2502,Estrogen,0.468880253,0.639162534,14014
CD8,JIA_patient_4|peripheral_blood|CD8,JIA_patient_4,peripheral_blood,2675,Estrogen,2.35511388,0.0185307527,14014
CD8,JIA_patient_5|synovial_fluid|CD8,JIA_patient_5,synovial_fluid,2648,Estrogen,-1.36041167,0.173721592,14014
CD8,JIA_patient_5|peripheral_blood|CD8,JIA_patient_5,peripheral_blood,2786,Estrogen,0.82394701,0.409983705,14014
CD8,JIA_patient_6|synovial_fluid|CD8,JIA_patient_6,synovial_fluid,3287,Estrogen,-1.5086693,0.131405882,14014
CD8,JIA_patient_6|peripheral_blood|CD8,JIA_patient_6,peripheral_blood,3311,Estrogen,1.77031212,0.0766969199,14014
CD8,JIA_patient_7|synovial_fluid|CD8,JIA_patient_7,synovial_fluid,2763,Estrogen,-0.763061097,0.445439817,14014
CD8,JIA_patient_7|peripheral_blood|CD8,JIA_patient_7,peripheral_blood,2861,Estrogen,1.39996998,0.16154447,14014
CD8,JIA_patient_1|synovial_fluid|CD8,JIA_patient_1,synovial_fluid,2787,Hypoxia,4.89216164,1.00843509e-6,14014
CD8,JIA_patient_1|peripheral_blood|CD8,JIA_patient_1,peripheral_blood,2547,Hypoxia,-1.83968925,0.0658350336,14014
CD8,JIA_patient_2|synovial_fluid|CD8,JIA_patient_2,synovial_fluid,2545,Hypoxia,-0.358884544,0.719686875,14014
CD8,JIA_patient_2|peripheral_blood|CD8,JIA_patient_2,peripheral_blood,1637,Hypoxia,-3.55136994,3.84489862e-4,14014
CD8,JIA_patient_3|synovial_fluid|CD8,JIA_patient_3,synovial_fluid,2478,Hypoxia,5.51035146,3.6444393499999997e-08,14014
CD8,JIA_patient_4|synovial_fluid|CD8,JIA_patient_4,synovial_fluid,2502,Hypoxia,9.56106528,1.3566010200000001e-21,14014
CD8,JIA_patient_4|peripheral_blood|CD8,JIA_patient_4,peripheral_blood,2675,Hypoxia,-3.05836107,0.00222971473,14014
CD8,JIA_patient_5|synovial_fluid|CD8,JIA_patient_5,synovial_fluid,2648,Hypoxia,-0.887016976,0.375084999,14014
CD8,JIA_patient_5|peripheral_blood|CD8,JIA_patient_5,peripheral_blood,2786,Hypoxia,-4.7817108,1.75579075e-6,14014
CD8,JIA_patient_6|synovial_fluid|CD8,JIA_patient_6,synovial_fluid,3287,Hypoxia,-0.751001468,0.452664396,14014
CD8,JIA_patient_6|peripheral_blood|CD8,JIA_patient_6,peripheral_blood,3311,Hypoxia,-7.50921019,6.30767526e-14,14014
CD8,JIA_patient_7|synovial_fluid|CD8,JIA_patient_7,synovial_fluid,2763,Hypoxia,3.15346653,0.00161684634,14014
CD8,JIA_patient_7|peripheral_blood|CD8,JIA_patient_7,peripheral_blood,2861,Hypoxia,-1.49945376,0.133778505,14014
CD8,JIA_patient_1|synovial_fluid|CD8,JIA_patient_1,synovial_fluid,2787,JAK-STAT,13.2343595,9.6267356e-40,14014
CD8,JIA_patient_1|peripheral_blood|CD8,JIA_patient_1,peripheral_blood,2547,JAK-STAT,-1.38229312,0.166903771,14014
CD8,JIA_patient_2|synovial_fluid|CD8,JIA_patient_2,synovial_fluid,2545,JAK-STAT,0.814601375,0.41531438,14014
CD8,JIA_patient_2|peripheral_blood|CD8,JIA_patient_2,peripheral_blood,1637,JAK-STAT,-10.2726061,1.145571e-24,14014
CD8,JIA_patient_3|synovial_fluid|CD8,JIA_patient_3,synovial_fluid,2478,JAK-STAT,18.295569,6.509922119999999e-74,14014
CD8,JIA_patient_4|synovial_fluid|CD8,JIA_patient_4,synovial_fluid,2502,JAK-STAT,5.72115342,1.07968346e-8,14014
CD8,JIA_patient_4|peripheral_blood|CD8,JIA_patient_4,peripheral_blood,2675,JAK-STAT,-6.38414402,1.77793967e-10,14014
CD8,JIA_patient_5|synovial_fluid|CD8,JIA_patient_5,synovial_fluid,2648,JAK-STAT,-1.97267016,0.0485527996,14014
CD8,JIA_patient_5|peripheral_blood|CD8,JIA_patient_5,peripheral_blood,2786,JAK-STAT,-6.81401679,9.87894352e-12,14014
CD8,JIA_patient_6|synovial_fluid|CD8,JIA_patient_6,synovial_fluid,3287,JAK-STAT,4.98267007,6.3461482e-7,14014
CD8,JIA_patient_6|peripheral_blood|CD8,JIA_patient_6,peripheral_blood,3311,JAK-STAT,-5.64641771,1.67009402e-8,14014
CD8,JIA_patient_7|synovial_fluid|CD8,JIA_patient_7,synovial_fluid,2763,JAK-STAT,-2.3250329,0.0200844238,14014
CD8,JIA_patient_7|peripheral_blood|CD8,JIA_patient_7,peripheral_blood,2861,JAK-STAT,-8.22887178,2.05549301e-16,14014
CD8,JIA_patient_1|synovial_fluid|CD8,JIA_patient_1,synovial_fluid,2787,MAPK,-0.743383121,0.457262236,14014
CD8,JIA_patient_1|peripheral_blood|CD8,JIA_patient_1,peripheral_blood,2547,MAPK,-1.27071561,0.203850958,14014
CD8,JIA_patient_2|synovial_fluid|CD8,JIA_patient_2,synovial_fluid,2545,MAPK,-2.63112501,0.00851959716,14014
CD8,JIA_patient_2|peripheral_blood|CD8,JIA_patient_2,peripheral_blood,1637,MAPK,-0.353237568,0.723915665,14014
CD8,JIA_patient_3|synovial_fluid|CD8,JIA_patient_3,synovial_fluid,2478,MAPK,-0.340646478,0.733374847,14014
CD8,JIA_patient_4|synovial_fluid|CD8,JIA_patient_4,synovial_fluid,2502,MAPK,1.18029479,0.237903045,14014
CD8,JIA_patient_4|peripheral_blood|CD8,JIA_patient_4,peripheral_blood,2675,MAPK,-1.91598822,0.0553869396,14014
CD8,JIA_patient_5|synovial_fluid|CD8,JIA_patient_5,synovial_fluid,2648,MAPK,0.73786006,0.46061186,14014
CD8,JIA_patient_5|peripheral_blood|CD8,JIA_patient_5,peripheral_blood,2786,MAPK,-0.916516123,0.359412043,14014
CD8,JIA_patient_6|synovial_fluid|CD8,JIA_patient_6,synovial_fluid,3287,MAPK,1.98297637,0.0473895808,14014
CD8,JIA_patient_6|peripheral_blood|CD8,JIA_patient_6,peripheral_blood,3311,MAPK,3.444075,5.74694844e-4,14014
CD8,JIA_patient_7|synovial_fluid|CD8,JIA_patient_7,synovial_fluid,2763,MAPK,1.92539771,0.054199855,14014
CD8,JIA_patient_7|peripheral_blood|CD8,JIA_patient_7,peripheral_blood,2861,MAPK,-0.90449658,0.365747712,14014
CD8,JIA_patient_1|synovial_fluid|CD8,JIA_patient_1,synovial_fluid,2787,NFkB,0.577018728,0.563936083,14014
CD8,JIA_patient_1|peripheral_blood|CD8,JIA_patient_1,peripheral_blood,2547,NFkB,1.0510773,0.293241232,14014
CD8,JIA_patient_2|synovial_fluid|CD8,JIA_patient_2,synovial_fluid,2545,NFkB,0.143660256,0.885770824,14014
CD8,JIA_patient_2|peripheral_blood|CD8,JIA_patient_2,peripheral_blood,1637,NFkB,-1.51243161,0.130446672,14014
CD8,JIA_patient_3|synovial_fluid|CD8,JIA_patient_3,synovial_fluid,2478,NFkB,2.49896464,0.0124670395,14014
CD8,JIA_patient_4|synovial_fluid|CD8,JIA_patient_4,synovial_fluid,2502,NFkB,2.46283879,0.0137961363,14014
CD8,JIA_patient_4|peripheral_blood|CD8,JIA_patient_4,peripheral_blood,2675,NFkB,-2.37622552,0.0175041413,14014
CD8,JIA_patient_5|synovial_fluid|CD8,JIA_patient_5,synovial_fluid,2648,NFkB,-0.0122652705,0.99021415,14014
CD8,JIA_patient_5|peripheral_blood|CD8,JIA_patient_5,peripheral_blood,2786,NFkB,-3.47131185,5.19484123e-4,14014
CD8,JIA_patient_6|synovial_fluid|CD8,JIA_patient_6,synovial_fluid,3287,NFkB,1.2251624,0.220534652,14014
CD8,JIA_patient_6|peripheral_blood|CD8,JIA_patient_6,peripheral_blood,3311,NFkB,-2.67117332,0.00756740198,14014
CD8,JIA_patient_7|synovial_fluid|CD8,JIA_patient_7,synovial_fluid,2763,NFkB,4.54180358,5.62406979e-6,14014
CD8,JIA_patient_7|peripheral_blood|CD8,JIA_patient_7,peripheral_blood,2861,NFkB,-2.24373509,0.0248650186,14014
CD8,JIA_patient_1|synovial_fluid|CD8,JIA_patient_1,synovial_fluid,2787,PI3K,0.216423842,0.828660537,14014
CD8,JIA_patient_1|peripheral_blood|CD8,JIA_patient_1,peripheral_blood,2547,PI3K,-0.465474874,0.641598667,14014
CD8,JIA_patient_2|synovial_fluid|CD8,JIA_patient_2,synovial_fluid,2545,PI3K,-1.71075348,0.0871487849,14014
CD8,JIA_patient_2|peripheral_blood|CD8,JIA_patient_2,peripheral_blood,1637,PI3K,-1.85971866,0.062946302,14014
CD8,JIA_patient_3|synovial_fluid|CD8,JIA_patient_3,synovial_fluid,2478,PI3K,3.6541239,2.59004686e-4,14014
CD8,JIA_patient_4|synovial_fluid|CD8,JIA_patient_4,synovial_fluid,2502,PI3K,3.01974111,0.00253446833,14014
CD8,JIA_patient_4|peripheral_blood|CD8,JIA_patient_4,peripheral_blood,2675,PI3K,-1.29254424,0.196190068,14014
CD8,JIA_patient_5|synovial_fluid|CD8,JIA_patient_5,synovial_fluid,2648,PI3K,2.03812451,0.0415562387,14014
CD8,JIA_patient_5|peripheral_blood|CD8,JIA_patient_5,peripheral_blood,2786,PI3K,-1.76868967,0.0769674491,14014
CD8,JIA_patient_6|synovial_fluid|CD8,JIA_patient_6,synovial_fluid,3287,PI3K,3.43117777,6.02702198e-4,14014
CD8,JIA_patient_6|peripheral_blood|CD8,JIA_patient_6,peripheral_blood,3311,PI3K,0.0664727212,0.947002424,14014
CD8,JIA_patient_7|synovial_fluid|CD8,JIA_patient_7,synovial_fluid,2763,PI3K,-1.42300377,0.154757347,14014
CD8,JIA_patient_7|peripheral_blood|CD8,JIA_patient_7,peripheral_blood,2861,PI3K,-3.92113349,8.85535727e-5,14014
CD8,JIA_patient_1|synovial_fluid|CD8,JIA_patient_1,synovial_fluid,2787,TGFb,3.25331128,0.00114338849,14014
CD8,JIA_patient_1|peripheral_blood|CD8,JIA_patient_1,peripheral_blood,2547,TGFb,-4.37538857,1.22093463e-5,14014
CD8,JIA_patient_2|synovial_fluid|CD8,JIA_patient_2,synovial_fluid,2545,TGFb,6.49631628,8.50918619e-11,14014
CD8,JIA_patient_2|peripheral_blood|CD8,JIA_patient_2,peripheral_blood,1637,TGFb,-4.12895889,3.66522936e-5,14014
CD8,JIA_patient_3|synovial_fluid|CD8,JIA_patient_3,synovial_fluid,2478,TGFb,5.9390159,2.93533968e-9,14014
CD8,JIA_patient_4|synovial_fluid|CD8,JIA_patient_4,synovial_fluid,2502,TGFb,4.47709207,7.62645434e-6,14014
CD8,JIA_patient_4|peripheral_blood|CD8,JIA_patient_4,peripheral_blood,2675,TGFb,-4.58421625,4.59635716e-6,14014
CD8,JIA_patient_5|synovial_fluid|CD8,JIA_patient_5,synovial_fluid,2648,TGFb,1.96178575,0.0498072187,14014
CD8,JIA_patient_5|peripheral_blood|CD8,JIA_patient_5,peripheral_blood,2786,TGFb,-4.97245296,6.68939824e-7,14014
CD8,JIA_patient_6|synovial_fluid|CD8,JIA_patient_6,synovial_fluid,3287,TGFb,1.87292266,0.0610998899,14014
CD8,JIA_patient_6|peripheral_blood|CD8,JIA_patient_6,peripheral_blood,3311,TGFb,-5.66801609,1.47310254e-8,14014
CD8,JIA_patient_7|synovial_fluid|CD8,JIA_patient_7,synovial_fluid,2763,TGFb,2.27546453,0.0228931233,14014
CD8,JIA_patient_7|peripheral_blood|CD8,JIA_patient_7,peripheral_blood,2861,TGFb,-3.36477428,7.68120273e-4,14014
CD8,JIA_patient_1|synovial_fluid|CD8,JIA_patient_1,synovial_fluid,2787,TNFa,1.24940711,0.211537097,14014
CD8,JIA_patient_1|peripheral_blood|CD8,JIA_patient_1,peripheral_blood,2547,TNFa,-1.04606165,0.29555063,14014
CD8,JIA_patient_2|synovial_fluid|CD8,JIA_patient_2,synovial_fluid,2545,TNFa,-0.354830109,0.722722216,14014
CD8,JIA_patient_2|peripheral_blood|CD8,JIA_patient_2,peripheral_blood,1637,TNFa,0.580843024,0.561355605,14014
CD8,JIA_patient_3|synovial_fluid|CD8,JIA_patient_3,synovial_fluid,2478,TNFa,-0.936803664,0.348875721,14014
CD8,JIA_patient_4|synovial_fluid|CD8,JIA_patient_4,synovial_fluid,2502,TNFa,-1.38458356,0.16620191,14014
CD8,JIA_patient_4|peripheral_blood|CD8,JIA_patient_4,peripheral_blood,2675,TNFa,1.26702785,0.20516641,14014
CD8,JIA_patient_5|synovial_fluid|CD8,JIA_patient_5,synovial_fluid,2648,TNFa,-0.380452063,0.703615647,14014
CD8,JIA_patient_5|peripheral_blood|CD8,JIA_patient_5,peripheral_blood,2786,TNFa,1.86190429,0.0626375207,14014
CD8,JIA_patient_6|synovial_fluid|CD8,JIA_patient_6,synovial_fluid,3287,TNFa,-2.07430418,0.038069302,14014
CD8,JIA_patient_6|peripheral_blood|CD8,JIA_patient_6,peripheral_blood,3311,TNFa,-0.293715366,0.768979766,14014
CD8,JIA_patient_7|synovial_fluid|CD8,JIA_patient_7,synovial_fluid,2763,TNFa,0.267024916,0.78945391,14014
CD8,JIA_patient_7|peripheral_blood|CD8,JIA_patient_7,peripheral_blood,2861,TNFa,1.45447211,0.14583788,14014
CD8,JIA_patient_1|synovial_fluid|CD8,JIA_patient_1,synovial_fluid,2787,Trail,0.205181282,0.837433476,14014
CD8,JIA_patient_1|peripheral_blood|CD8,JIA_patient_1,peripheral_blood,2547,Trail,-0.016772112,0.986618657,14014
CD8,JIA_patient_2|synovial_fluid|CD8,JIA_patient_2,synovial_fluid,2545,Trail,1.61018208,0.107380659,14014
CD8,JIA_patient_2|peripheral_blood|CD8,JIA_patient_2,peripheral_blood,1637,Trail,0.480420157,0.630936171,14014
CD8,JIA_patient_3|synovial_fluid|CD8,JIA_patient_3,synovial_fluid,2478,Trail,-1.02464059,0.305550509,14014
CD8,JIA_patient_4|synovial_fluid|CD8,JIA_patient_4,synovial_fluid,2502,Trail,-0.081218017,0.935269732,14014
CD8,JIA_patient_4|peripheral_blood|CD8,JIA_patient_4,peripheral_blood,2675,Trail,0.364588295,0.715424261,14014
CD8,JIA_patient_5|synovial_fluid|CD8,JIA_patient_5,synovial_fluid,2648,Trail,-1.36144711,0.173394348,14014
CD8,JIA_patient_5|peripheral_blood|CD8,JIA_patient_5,peripheral_blood,2786,Trail,0.381123838,0.70311714300000006,14014
CD8,JIA_patient_6|synovial_fluid|CD8,JIA_patient_6,synovial_fluid,3287,Trail,-1.00364717,0.315566059,14014
CD8,JIA_patient_6|peripheral_blood|CD8,JIA_patient_6,peripheral_blood,3311,Trail,-1.1827491,0.236928687,14014
CD8,JIA_patient_7|synovial_fluid|CD8,JIA_patient_7,synovial_fluid,2763,Trail,-0.0847941858,0.932426228,14014
CD8,JIA_patient_7|peripheral_blood|CD8,JIA_patient_7,peripheral_blood,2861,Trail,1.37577632,0.168912907,14014
CD8,JIA_patient_1|synovial_fluid|CD8,JIA_patient_1,synovial_fluid,2787,VEGF,2.86882097,0.00412621108,14014
CD8,JIA_patient_1|peripheral_blood|CD8,JIA_patient_1,peripheral_blood,2547,VEGF,-2.85028907,0.00437433205,14014
CD8,JIA_patient_2|synovial_fluid|CD8,JIA_patient_2,synovial_fluid,2545,VEGF,0.834312951,0.404118892,14014
CD8,JIA_patient_2|peripheral_blood|CD8,JIA_patient_2,peripheral_blood,1637,VEGF,-1.90057393,0.057378365,14014
CD8,JIA_patient_3|synovial_fluid|CD8,JIA_patient_3,synovial_fluid,2478,VEGF,0.922623405,0.356219395,14014
CD8,JIA_patient_4|synovial_fluid|CD8,JIA_patient_4,synovial_fluid,2502,VEGF,1.44240427,0.149210733,14014
CD8,JIA_patient_4|peripheral_blood|CD8,JIA_patient_4,peripheral_blood,2675,VEGF,-1.9831384,0.0473714814,14014
CD8,JIA_patient_5|synovial_fluid|CD8,JIA_patient_5,synovial_fluid,2648,VEGF,1.56112197,0.118517581,14014
CD8,JIA_patient_5|peripheral_blood|CD8,JIA_patient_5,peripheral_blood,2786,VEGF,0.90572982,0.365094463,14014
CD8,JIA_patient_6|synovial_fluid|CD8,JIA_patient_6,synovial_fluid,3287,VEGF,0.620140005,0.535175711,14014
CD8,JIA_patient_6|peripheral_blood|CD8,JIA_patient_6,peripheral_blood,3311,VEGF,-0.510139913,0.609961487,14014
CD8,JIA_patient_7|synovial_fluid|CD8,JIA_patient_7,synovial_fluid,2763,VEGF,0.115706772,0.907886599,14014
CD8,JIA_patient_7|peripheral_blood|CD8,JIA_patient_7,peripheral_blood,2861,VEGF,-1.72313005,0.0848870926,14014
CD8,JIA_patient_1|synovial_fluid|CD8,JIA_patient_1,synovial_fluid,2787,WNT,-2.20224535,0.0276642264,14014
CD8,JIA_patient_1|peripheral_blood|CD8,JIA_patient_1,peripheral_blood,2547,WNT,3.52415011,4.26199095e-4,14014
CD8,JIA_patient_2|synovial_fluid|CD8,JIA_patient_2,synovial_fluid,2545,WNT,-2.48555752,0.0129464492,14014
CD8,JIA_patient_2|peripheral_blood|CD8,JIA_patient_2,peripheral_blood,1637,WNT,2.15931284,0.0308428353,14014
CD8,JIA_patient_3|synovial_fluid|CD8,JIA_patient_3,synovial_fluid,2478,WNT,-3.27409795,0.00106257108,14014
CD8,JIA_patient_4|synovial_fluid|CD8,JIA_patient_4,synovial_fluid,2502,WNT,-2.11239528,0.03467022,14014
CD8,JIA_patient_4|peripheral_blood|CD8,JIA_patient_4,peripheral_blood,2675,WNT,3.07422505,0.00211456299,14014
CD8,JIA_patient_5|synovial_fluid|CD8,JIA_patient_5,synovial_fluid,2648,WNT,-1.07619503,0.281858588,14014
CD8,JIA_patient_5|peripheral_blood|CD8,JIA_patient_5,peripheral_blood,2786,WNT,1.34923126,0.177284518,14014
CD8,JIA_patient_6|synovial_fluid|CD8,JIA_patient_6,synovial_fluid,3287,WNT,-1.44026174,0.149815725,14014
CD8,JIA_patient_6|peripheral_blood|CD8,JIA_patient_6,peripheral_blood,3311,WNT,2.26962502,0.023245486,14014
CD8,JIA_patient_7|synovial_fluid|CD8,JIA_patient_7,synovial_fluid,2763,WNT,-1.79277346,0.0730307372,14014
CD8,JIA_patient_7|peripheral_blood|CD8,JIA_patient_7,peripheral_blood,2861,WNT,2.19897099,0.0278962823,14014
CD8,JIA_patient_1|synovial_fluid|CD8,JIA_patient_1,synovial_fluid,2787,p53,1.66098486,0.0967388807,14014
CD8,JIA_patient_1|peripheral_blood|CD8,JIA_patient_1,peripheral_blood,2547,p53,5.84476219,5.18582256e-9,14014
CD8,JIA_patient_2|synovial_fluid|CD8,JIA_patient_2,synovial_fluid,2545,p53,2.77254232,0.00556938148,14014
CD8,JIA_patient_2|peripheral_blood|CD8,JIA_patient_2,peripheral_blood,1637,p53,0.114192348,0.909086955,14014
CD8,JIA_patient_3|synovial_fluid|CD8,JIA_patient_3,synovial_fluid,2478,p53,-4.94888446,7.55078924e-7,14014
CD8,JIA_patient_4|synovial_fluid|CD8,JIA_patient_4,synovial_fluid,2502,p53,-5.98592791,2.20419595e-9,14014
CD8,JIA_patient_4|peripheral_blood|CD8,JIA_patient_4,peripheral_blood,2675,p53,3.68338048,2.31027891e-4,14014
CD8,JIA_patient_5|synovial_fluid|CD8,JIA_patient_5,synovial_fluid,2648,p53,-0.124381226,0.901015223,14014
CD8,JIA_patient_5|peripheral_blood|CD8,JIA_patient_5,peripheral_blood,2786,p53,2.79912137,0.00513119848,14014
CD8,JIA_patient_6|synovial_fluid|CD8,JIA_patient_6,synovial_fluid,3287,p53,-7.63934252,2.32465927e-14,14014
CD8,JIA_patient_6|peripheral_blood|CD8,JIA_patient_6,peripheral_blood,3311,p53,-7.45417355,9.57331294e-14,14014
CD8,JIA_patient_7|synovial_fluid|CD8,JIA_patient_7,synovial_fluid,2763,p53,3.44899111,5.64341882e-4,14014
CD8,JIA_patient_7|peripheral_blood|CD8,JIA_patient_7,peripheral_blood,2861,p53,6.66985423,2.65666695e-11,14014
Tcon,JIA_patient_1|synovial_fluid|Tcon,JIA_patient_1,synovial_fluid,2851,Androgen,0.556256654,0.57804406,14411
Tcon,JIA_patient_1|peripheral_blood|Tcon,JIA_patient_1,peripheral_blood,2885,Androgen,-0.291443065,0.770716681,14411
Tcon,JIA_patient_2|synovial_fluid|Tcon,JIA_patient_2,synovial_fluid,2238,Androgen,-0.427595147,0.668952295,14411
Tcon,JIA_patient_2|peripheral_blood|Tcon,JIA_patient_2,peripheral_blood,2480,Androgen,-1.04250111,0.297196917,14411
Tcon,JIA_patient_3|synovial_fluid|Tcon,JIA_patient_3,synovial_fluid,1653,Androgen,-0.119678356,0.904739617,14411
Tcon,JIA_patient_4|synovial_fluid|Tcon,JIA_patient_4,synovial_fluid,2579,Androgen,1.71139744,0.08702931,14411
Tcon,JIA_patient_4|peripheral_blood|Tcon,JIA_patient_4,peripheral_blood,2222,Androgen,-1.07736559,0.281335024,14411
Tcon,JIA_patient_5|synovial_fluid|Tcon,JIA_patient_5,synovial_fluid,3074,Androgen,0.202216522,0.839750315,14411
Tcon,JIA_patient_5|peripheral_blood|Tcon,JIA_patient_5,peripheral_blood,3516,Androgen,0.420823925,0.673889942,14411
Tcon,JIA_patient_6|synovial_fluid|Tcon,JIA_patient_6,synovial_fluid,4454,Androgen,0.0421168867,0.966406103,14411
Tcon,JIA_patient_6|peripheral_blood|Tcon,JIA_patient_6,peripheral_blood,4276,Androgen,-1.32600863,0.184857876,14411
Tcon,JIA_patient_7|synovial_fluid|Tcon,JIA_patient_7,synovial_fluid,2653,Androgen,1.66543676,0.095847409,14411
Tcon,JIA_patient_7|peripheral_blood|Tcon,JIA_patient_7,peripheral_blood,3032,Androgen,-0.276631955,0.782066697,14411
Tcon,JIA_patient_1|synovial_fluid|Tcon,JIA_patient_1,synovial_fluid,2851,EGFR,3.15798774,0.00159190362,14411
Tcon,JIA_patient_1|peripheral_blood|Tcon,JIA_patient_1,peripheral_blood,2885,EGFR,-4.55741628,5.22127419e-6,14411
Tcon,JIA_patient_2|synovial_fluid|Tcon,JIA_patient_2,synovial_fluid,2238,EGFR,3.33879646,8.43556887e-4,14411
Tcon,JIA_patient_2|peripheral_blood|Tcon,JIA_patient_2,peripheral_blood,2480,EGFR,-5.42172384,5.99785289e-8,14411
Tcon,JIA_patient_3|synovial_fluid|Tcon,JIA_patient_3,synovial_fluid,1653,EGFR,1.29505628,0.195321584,14411
Tcon,JIA_patient_4|synovial_fluid|Tcon,JIA_patient_4,synovial_fluid,2579,EGFR,2.68541216,0.00725234445,14411
Tcon,JIA_patient_4|peripheral_blood|Tcon,JIA_patient_4,peripheral_blood,2222,EGFR,-4.87185942,1.11729033e-6,14411
Tcon,JIA_patient_5|synovial_fluid|Tcon,JIA_patient_5,synovial_fluid,3074,EGFR,5.72697102,1.04281692e-8,14411
Tcon,JIA_patient_5|peripheral_blood|Tcon,JIA_patient_5,peripheral_blood,3516,EGFR,-6.83658079,8.4370056e-12,14411
Tcon,JIA_patient_6|synovial_fluid|Tcon,JIA_patient_6,synovial_fluid,4454,EGFR,5.62272136,1.91466053e-8,14411
Tcon,JIA_patient_6|peripheral_blood|Tcon,JIA_patient_6,peripheral_blood,4276,EGFR,-8.66618754,4.9392211499999995e-18,14411
Tcon,JIA_patient_7|synovial_fluid|Tcon,JIA_patient_7,synovial_fluid,2653,EGFR,6.43898618,1.24088068e-10,14411
Tcon,JIA_patient_7|peripheral_blood|Tcon,JIA_patient_7,peripheral_blood,3032,EGFR,-2.72785291,0.00638253211,14411
Tcon,JIA_patient_1|synovial_fluid|Tcon,JIA_patient_1,synovial_fluid,2851,Estrogen,-1.49671065,0.134490487,14411
Tcon,JIA_patient_1|peripheral_blood|Tcon,JIA_patient_1,peripheral_blood,2885,Estrogen,0.970762667,0.331682787,14411
Tcon,JIA_patient_2|synovial_fluid|Tcon,JIA_patient_2,synovial_fluid,2238,Estrogen,-1.43271208,0.15196185,14411
Tcon,JIA_patient_2|peripheral_blood|Tcon,JIA_patient_2,peripheral_blood,2480,Estrogen,0.223901928,0.822836793,14411
Tcon,JIA_patient_3|synovial_fluid|Tcon,JIA_patient_3,synovial_fluid,1653,Estrogen,-1.31883496,0.187245271,14411
Tcon,JIA_patient_4|synovial_fluid|Tcon,JIA_patient_4,synovial_fluid,2579,Estrogen,0.341536671,0.732704588,14411
Tcon,JIA_patient_4|peripheral_blood|Tcon,JIA_patient_4,peripheral_blood,2222,Estrogen,0.647936502,0.517036354,14411
Tcon,JIA_patient_5|synovial_fluid|Tcon,JIA_patient_5,synovial_fluid,3074,Estrogen,-0.152266274,0.878979058,14411
Tcon,JIA_patient_5|peripheral_blood|Tcon,JIA_patient_5,peripheral_blood,3516,Estrogen,0.232949851,0.815803659,14411
Tcon,JIA_patient_6|synovial_fluid|Tcon,JIA_patient_6,synovial_fluid,4454,Estrogen,0.771189185,0.440607461,14411
Tcon,JIA_patient_6|peripheral_blood|Tcon,JIA_patient_6,peripheral_blood,4276,Estrogen,1.25718421,0.208707336,14411
Tcon,JIA_patient_7|synovial_fluid|Tcon,JIA_patient_7,synovial_fluid,2653,Estrogen,-0.0112177071,0.991049908,14411
Tcon,JIA_patient_7|peripheral_blood|Tcon,JIA_patient_7,peripheral_blood,3032,Estrogen,-0.0828682755,0.933957432,14411
Tcon,JIA_patient_1|synovial_fluid|Tcon,JIA_patient_1,synovial_fluid,2851,Hypoxia,3.69303792,2.2241035e-4,14411
Tcon,JIA_patient_1|peripheral_blood|Tcon,JIA_patient_1,peripheral_blood,2885,Hypoxia,-4.78198344,1.75292504e-6,14411
Tcon,JIA_patient_2|synovial_fluid|Tcon,JIA_patient_2,synovial_fluid,2238,Hypoxia,-3.18201861,0.00146563051,14411
Tcon,JIA_patient_2|peripheral_blood|Tcon,JIA_patient_2,peripheral_blood,2480,Hypoxia,-5.27359719,1.35711019e-7,14411
Tcon,JIA_patient_3|synovial_fluid|Tcon,JIA_patient_3,synovial_fluid,1653,Hypoxia,3.45194259,5.58164628e-4,14411
Tcon,JIA_patient_4|synovial_fluid|Tcon,JIA_patient_4,synovial_fluid,2579,Hypoxia,10.6479657,2.23403557e-26,14411
Tcon,JIA_patient_4|peripheral_blood|Tcon,JIA_patient_4,peripheral_blood,2222,Hypoxia,-3.04689866,0.00231634389,14411
Tcon,JIA_patient_5|synovial_fluid|Tcon,JIA_patient_5,synovial_fluid,3074,Hypoxia,1.85610348,0.063459228,14411
Tcon,JIA_patient_5|peripheral_blood|Tcon,JIA_patient_5,peripheral_blood,3516,Hypoxia,-5.07981171,3.82535343e-7,14411
Tcon,JIA_patient_6|synovial_fluid|Tcon,JIA_patient_6,synovial_fluid,4454,Hypoxia,3.28847231,0.00100974294,14411
Tcon,JIA_patient_6|peripheral_blood|Tcon,JIA_patient_6,peripheral_blood,4276,Hypoxia,-4.3312206,1.4928861e-5,14411
Tcon,JIA_patient_7|synovial_fluid|Tcon,JIA_patient_7,synovial_fluid,2653,Hypoxia,2.9778903,0.00290723271,14411
Tcon,JIA_patient_7|peripheral_blood|Tcon,JIA_patient_7,peripheral_blood,3032,Hypoxia,-2.85652173,0.00428923953,14411
Tcon,JIA_patient_1|synovial_fluid|Tcon,JIA_patient_1,synovial_fluid,2851,JAK-STAT,15.0519084,8.16727464e-51,14411
Tcon,JIA_patient_1|peripheral_blood|Tcon,JIA_patient_1,peripheral_blood,2885,JAK-STAT,0.362326925,0.717113058,14411
Tcon,JIA_patient_2|synovial_fluid|Tcon,JIA_patient_2,synovial_fluid,2238,JAK-STAT,2.65140354,0.00802457867,14411
Tcon,JIA_patient_2|peripheral_blood|Tcon,JIA_patient_2,peripheral_blood,2480,JAK-STAT,-10.7832343,5.23866901e-27,14411
Tcon,JIA_patient_3|synovial_fluid|Tcon,JIA_patient_3,synovial_fluid,1653,JAK-STAT,19.0888424,3.0566040499999994e-80,14411
Tcon,JIA_patient_4|synovial_fluid|Tcon,JIA_patient_4,synovial_fluid,2579,JAK-STAT,5.04651733,4.55422778e-7,14411
Tcon,JIA_patient_4|peripheral_blood|Tcon,JIA_patient_4,peripheral_blood,2222,JAK-STAT,-6.22102269,5.07590419e-10,14411
Tcon,JIA_patient_5|synovial_fluid|Tcon,JIA_patient_5,synovial_fluid,3074,JAK-STAT,-2.47445477,0.0133554074,14411
Tcon,JIA_patient_5|peripheral_blood|Tcon,JIA_patient_5,peripheral_blood,3516,JAK-STAT,-6.00923089,1.90903889e-9,14411
Tcon,JIA_patient_6|synovial_fluid|Tcon,JIA_patient_6,synovial_fluid,4454,JAK-STAT,0.521391372,0.602102181,14411
Tcon,JIA_patient_6|peripheral_blood|Tcon,JIA_patient_6,peripheral_blood,4276,JAK-STAT,-5.64816566,1.65236666e-8,14411
Tcon,JIA_patient_7|synovial_fluid|Tcon,JIA_patient_7,synovial_fluid,2653,JAK-STAT,-1.61786887,0.105712768,14411
Tcon,JIA_patient_7|peripheral_blood|Tcon,JIA_patient_7,peripheral_blood,3032,JAK-STAT,-9.56675696,1.27908238e-21,14411
Tcon,JIA_patient_1|synovial_fluid|Tcon,JIA_patient_1,synovial_fluid,2851,MAPK,-0.113439391,0.909683793,14411
Tcon,JIA_patient_1|peripheral_blood|Tcon,JIA_patient_1,peripheral_blood,2885,MAPK,-1.03118588,0.302470984,14411
Tcon,JIA_patient_2|synovial_fluid|Tcon,JIA_patient_2,synovial_fluid,2238,MAPK,-3.49770114,4.70702376e-4,14411
Tcon,JIA_patient_2|peripheral_blood|Tcon,JIA_patient_2,peripheral_blood,2480,MAPK,-2.10910007,0.0349531669,14411
Tcon,JIA_patient_3|synovial_fluid|Tcon,JIA_patient_3,synovial_fluid,1653,MAPK,-0.406210249,0.684594162,14411
Tcon,JIA_patient_4|synovial_fluid|Tcon,JIA_patient_4,synovial_fluid,2579,MAPK,-0.203497329,0.83874921,14411
Tcon,JIA_patient_4|peripheral_blood|Tcon,JIA_patient_4,peripheral_blood,2222,MAPK,-1.54359802,0.122707726,14411
Tcon,JIA_patient_5|synovial_fluid|Tcon,JIA_patient_5,synovial_fluid,3074,MAPK,2.47260617,0.0134246516,14411
Tcon,JIA_patient_5|peripheral_blood|Tcon,JIA_patient_5,peripheral_blood,3516,MAPK,-1.69140414,0.0907812872,14411
Tcon,JIA_patient_6|synovial_fluid|Tcon,JIA_patient_6,synovial_fluid,4454,MAPK,3.10775437,0.0018888176,14411
Tcon,JIA_patient_6|peripheral_blood|Tcon,JIA_patient_6,peripheral_blood,4276,MAPK,2.00934542,0.0445191433,14411
Tcon,JIA_patient_7|synovial_fluid|Tcon,JIA_patient_7,synovial_fluid,2653,MAPK,1.21595609,0.224021587,14411
Tcon,JIA_patient_7|peripheral_blood|Tcon,JIA_patient_7,peripheral_blood,3032,MAPK,-0.701471012,0.483020458,14411
Tcon,JIA_patient_1|synovial_fluid|Tcon,JIA_patient_1,synovial_fluid,2851,NFkB,1.52800581,0.126533065,14411
Tcon,JIA_patient_1|peripheral_blood|Tcon,JIA_patient_1,peripheral_blood,2885,NFkB,-3.69280871,2.22610787e-4,14411
Tcon,JIA_patient_2|synovial_fluid|Tcon,JIA_patient_2,synovial_fluid,2238,NFkB,-1.11661587,0.264177241,14411
Tcon,JIA_patient_2|peripheral_blood|Tcon,JIA_patient_2,peripheral_blood,2480,NFkB,-5.38096305,7.52480361e-8,14411
Tcon,JIA_patient_3|synovial_fluid|Tcon,JIA_patient_3,synovial_fluid,1653,NFkB,3.72017974,1.99837745e-4,14411
Tcon,JIA_patient_4|synovial_fluid|Tcon,JIA_patient_4,synovial_fluid,2579,NFkB,3.47598426,5.10482309e-4,14411
Tcon,JIA_patient_4|peripheral_blood|Tcon,JIA_patient_4,peripheral_blood,2222,NFkB,-2.34970277,0.0188018392,14411
Tcon,JIA_patient_5|synovial_fluid|Tcon,JIA_patient_5,synovial_fluid,3074,NFkB,4.04824927,5.18721318e-5,14411
Tcon,JIA_patient_5|peripheral_blood|Tcon,JIA_patient_5,peripheral_blood,3516,NFkB,-5.9386512,2.93996313e-9,14411
Tcon,JIA_patient_6|synovial_fluid|Tcon,JIA_patient_6,synovial_fluid,4454,NFkB,3.01891776,0.00254123563,14411
Tcon,JIA_patient_6|peripheral_blood|Tcon,JIA_patient_6,peripheral_blood,4276,NFkB,-2.77152306,0.00558663493,14411
Tcon,JIA_patient_7|synovial_fluid|Tcon,JIA_patient_7,synovial_fluid,2653,NFkB,6.43194833,1.29956084e-10,14411
Tcon,JIA_patient_7|peripheral_blood|Tcon,JIA_patient_7,peripheral_blood,3032,NFkB,-4.46856456,7.93468831e-6,14411
Tcon,JIA_patient_1|synovial_fluid|Tcon,JIA_patient_1,synovial_fluid,2851,PI3K,-0.541185774,0.588387916,14411
Tcon,JIA_patient_1|peripheral_blood|Tcon,JIA_patient_1,peripheral_blood,2885,PI3K,-1.38324509,0.166611179,14411
Tcon,JIA_patient_2|synovial_fluid|Tcon,JIA_patient_2,synovial_fluid,2238,PI3K,0.134439325,0.893057067,14411
Tcon,JIA_patient_2|peripheral_blood|Tcon,JIA_patient_2,peripheral_blood,2480,PI3K,-2.40094124,0.0163655678,14411
Tcon,JIA_patient_3|synovial_fluid|Tcon,JIA_patient_3,synovial_fluid,1653,PI3K,2.34914991,0.0188297701,14411
Tcon,JIA_patient_4|synovial_fluid|Tcon,JIA_patient_4,synovial_fluid,2579,PI3K,1.37902192,0.167909421,14411
Tcon,JIA_patient_4|peripheral_blood|Tcon,JIA_patient_4,peripheral_blood,2222,PI3K,-1.78076297,0.0749722633,14411
Tcon,JIA_patient_5|synovial_fluid|Tcon,JIA_patient_5,synovial_fluid,3074,PI3K,3.13078534,0.00174688357,14411
Tcon,JIA_patient_5|peripheral_blood|Tcon,JIA_patient_5,peripheral_blood,3516,PI3K,-1.91481386,0.0555360428,14411
Tcon,JIA_patient_6|synovial_fluid|Tcon,JIA_patient_6,synovial_fluid,4454,PI3K,4.33006902,1.50070437e-5,14411
Tcon,JIA_patient_6|peripheral_blood|Tcon,JIA_patient_6,peripheral_blood,4276,PI3K,-0.995649324,0.319437295,14411
Tcon,JIA_patient_7|synovial_fluid|Tcon,JIA_patient_7,synovial_fluid,2653,PI3K,-1.24514317,0.213099394,14411
Tcon,JIA_patient_7|peripheral_blood|Tcon,JIA_patient_7,peripheral_blood,3032,PI3K,-4.32405587,1.54216688e-5,14411
Tcon,JIA_patient_1|synovial_fluid|Tcon,JIA_patient_1,synovial_fluid,2851,TGFb,2.10566366,0.035250851800000003,14411
Tcon,JIA_patient_1|peripheral_blood|Tcon,JIA_patient_1,peripheral_blood,2885,TGFb,-5.25265158,1.52060969e-7,14411
Tcon,JIA_patient_2|synovial_fluid|Tcon,JIA_patient_2,synovial_fluid,2238,TGFb,1.92374822,0.0544058459,14411
Tcon,JIA_patient_2|peripheral_blood|Tcon,JIA_patient_2,peripheral_blood,2480,TGFb,-5.64848862,1.64927291e-8,14411
Tcon,JIA_patient_3|synovial_fluid|Tcon,JIA_patient_3,synovial_fluid,1653,TGFb,3.03592489,0.0024022768299999998,14411
Tcon,JIA_patient_4|synovial_fluid|Tcon,JIA_patient_4,synovial_fluid,2579,TGFb,2.97655492,0.00291991616,14411
Tcon,JIA_patient_4|peripheral_blood|Tcon,JIA_patient_4,peripheral_blood,2222,TGFb,-5.49525806,3.96768287e-8,14411
Tcon,JIA_patient_5|synovial_fluid|Tcon,JIA_patient_5,synovial_fluid,3074,TGFb,6.66722158,2.70185305e-11,14411
Tcon,JIA_patient_5|peripheral_blood|Tcon,JIA_patient_5,peripheral_blood,3516,TGFb,-4.8521175,1.23429566e-6,14411
Tcon,JIA_patient_6|synovial_fluid|Tcon,JIA_patient_6,synovial_fluid,4454,TGFb,6.86110531,7.11195881e-12,14411
Tcon,JIA_patient_6|peripheral_blood|Tcon,JIA_patient_6,peripheral_blood,4276,TGFb,-4.78673178,1.7120396e-6,14411
Tcon,JIA_patient_7|synovial_fluid|Tcon,JIA_patient_7,synovial_fluid,2653,TGFb,2.10094956,0.0356627365,14411
Tcon,JIA_patient_7|peripheral_blood|Tcon,JIA_patient_7,peripheral_blood,3032,TGFb,-5.71044807,1.14904336e-8,14411
Tcon,JIA_patient_1|synovial_fluid|Tcon,JIA_patient_1,synovial_fluid,2851,TNFa,0.918634341,0.358302254,14411
Tcon,JIA_patient_1|peripheral_blood|Tcon,JIA_patient_1,peripheral_blood,2885,TNFa,0.240269243,0.810124958,14411
Tcon,JIA_patient_2|synovial_fluid|Tcon,JIA_patient_2,synovial_fluid,2238,TNFa,0.259584579,0.795187944,14411
Tcon,JIA_patient_2|peripheral_blood|Tcon,JIA_patient_2,peripheral_blood,2480,TNFa,1.08059281,0.279896383,14411
Tcon,JIA_patient_3|synovial_fluid|Tcon,JIA_patient_3,synovial_fluid,1653,TNFa,-2.28604544,0.0222660599,14411
Tcon,JIA_patient_4|synovial_fluid|Tcon,JIA_patient_4,synovial_fluid,2579,TNFa,-2.44920173,0.0143291583,14411
Tcon,JIA_patient_4|peripheral_blood|Tcon,JIA_patient_4,peripheral_blood,2222,TNFa,-1.50525367,0.132280811,14411
Tcon,JIA_patient_5|synovial_fluid|Tcon,JIA_patient_5,synovial_fluid,3074,TNFa,1.09229691,0.274720898,14411
Tcon,JIA_patient_5|peripheral_blood|Tcon,JIA_patient_5,peripheral_blood,3516,TNFa,1.0440036,0.296501255,14411
Tcon,JIA_patient_6|synovial_fluid|Tcon,JIA_patient_6,synovial_fluid,4454,TNFa,-0.411146133,0.680971504,14411
Tcon,JIA_patient_6|peripheral_blood|Tcon,JIA_patient_6,peripheral_blood,4276,TNFa,-1.11008864,0.266979372,14411
Tcon,JIA_patient_7|synovial_fluid|Tcon,JIA_patient_7,synovial_fluid,2653,TNFa,0.833433397,0.404614173,14411
Tcon,JIA_patient_7|peripheral_blood|Tcon,JIA_patient_7,peripheral_blood,3032,TNFa,2.14425091,0.032029482,14411
Tcon,JIA_patient_1|synovial_fluid|Tcon,JIA_patient_1,synovial_fluid,2851,Trail,0.442015477,0.658484646,14411
Tcon,JIA_patient_1|peripheral_blood|Tcon,JIA_patient_1,peripheral_blood,2885,Trail,-1.6257078,0.104033719,14411
Tcon,JIA_patient_2|synovial_fluid|Tcon,JIA_patient_2,synovial_fluid,2238,Trail,0.561961965,0.574150683,14411
Tcon,JIA_patient_2|peripheral_blood|Tcon,JIA_patient_2,peripheral_blood,2480,Trail,-0.292236963,0.77010966300000006,14411
Tcon,JIA_patient_3|synovial_fluid|Tcon,JIA_patient_3,synovial_fluid,1653,Trail,-1.0439539,0.296524248,14411
Tcon,JIA_patient_4|synovial_fluid|Tcon,JIA_patient_4,synovial_fluid,2579,Trail,-1.00858144,0.313192361,14411
Tcon,JIA_patient_4|peripheral_blood|Tcon,JIA_patient_4,peripheral_blood,2222,Trail,-0.153370539,0.878108226,14411
Tcon,JIA_patient_5|synovial_fluid|Tcon,JIA_patient_5,synovial_fluid,3074,Trail,2.01320696,0.0441114387,14411
Tcon,JIA_patient_5|peripheral_blood|Tcon,JIA_patient_5,peripheral_blood,3516,Trail,0.654450593,0.512832003,14411
Tcon,JIA_patient_6|synovial_fluid|Tcon,JIA_patient_6,synovial_fluid,4454,Trail,0.509017064,0.610748064,14411
Tcon,JIA_patient_6|peripheral_blood|Tcon,JIA_patient_6,peripheral_blood,4276,Trail,-0.645891699,0.518359791,14411
Tcon,JIA_patient_7|synovial_fluid|Tcon,JIA_patient_7,synovial_fluid,2653,Trail,-0.832045618,0.405396998,14411
Tcon,JIA_patient_7|peripheral_blood|Tcon,JIA_patient_7,peripheral_blood,3032,Trail,0.240947806,0.809599001,14411
Tcon,JIA_patient_1|synovial_fluid|Tcon,JIA_patient_1,synovial_fluid,2851,VEGF,3.14731897,0.00165111232,14411
Tcon,JIA_patient_1|peripheral_blood|Tcon,JIA_patient_1,peripheral_blood,2885,VEGF,-3.23934974,0.00120074355,14411
Tcon,JIA_patient_2|synovial_fluid|Tcon,JIA_patient_2,synovial_fluid,2238,VEGF,1.3060932,0.191541735,14411
Tcon,JIA_patient_2|peripheral_blood|Tcon,JIA_patient_2,peripheral_blood,2480,VEGF,-2.62390741,0.00870191293,14411
Tcon,JIA_patient_3|synovial_fluid|Tcon,JIA_patient_3,synovial_fluid,1653,VEGF,0.538136465,0.590491159,14411
Tcon,JIA_patient_4|synovial_fluid|Tcon,JIA_patient_4,synovial_fluid,2579,VEGF,2.31003271,0.0209004158,14411
Tcon,JIA_patient_4|peripheral_blood|Tcon,JIA_patient_4,peripheral_blood,2222,VEGF,-2.37449433,0.0175860375,14411
Tcon,JIA_patient_5|synovial_fluid|Tcon,JIA_patient_5,synovial_fluid,3074,VEGF,2.63532356,0.00841471848,14411
Tcon,JIA_patient_5|peripheral_blood|Tcon,JIA_patient_5,peripheral_blood,3516,VEGF,-0.931815816,0.351447346,14411
Tcon,JIA_patient_6|synovial_fluid|Tcon,JIA_patient_6,synovial_fluid,4454,VEGF,1.51664903,0.129377277,14411
Tcon,JIA_patient_6|peripheral_blood|Tcon,JIA_patient_6,peripheral_blood,4276,VEGF,-1.26394342,0.2062708,14411
Tcon,JIA_patient_7|synovial_fluid|Tcon,JIA_patient_7,synovial_fluid,2653,VEGF,0.389553026,0.696872855,14411
Tcon,JIA_patient_7|peripheral_blood|Tcon,JIA_patient_7,peripheral_blood,3032,VEGF,-3.28289629,0.00102991348,14411
Tcon,JIA_patient_1|synovial_fluid|Tcon,JIA_patient_1,synovial_fluid,2851,WNT,-1.72478483,0.0845877202,14411
Tcon,JIA_patient_1|peripheral_blood|Tcon,JIA_patient_1,peripheral_blood,2885,WNT,2.83825681,0.00454241292,14411
Tcon,JIA_patient_2|synovial_fluid|Tcon,JIA_patient_2,synovial_fluid,2238,WNT,-2.19372348,0.0282712245,14411
Tcon,JIA_patient_2|peripheral_blood|Tcon,JIA_patient_2,peripheral_blood,2480,WNT,0.899824117,0.368228909,14411
Tcon,JIA_patient_3|synovial_fluid|Tcon,JIA_patient_3,synovial_fluid,1653,WNT,-1.54517177,0.122326703,14411
Tcon,JIA_patient_4|synovial_fluid|Tcon,JIA_patient_4,synovial_fluid,2579,WNT,-0.951475012,0.341379271,14411
Tcon,JIA_patient_4|peripheral_blood|Tcon,JIA_patient_4,peripheral_blood,2222,WNT,1.64073126,0.100875058,14411
Tcon,JIA_patient_5|synovial_fluid|Tcon,JIA_patient_5,synovial_fluid,3074,WNT,-0.823951473,0.409980782,14411
Tcon,JIA_patient_5|peripheral_blood|Tcon,JIA_patient_5,peripheral_blood,3516,WNT,1.02261899,0.306505211,14411
Tcon,JIA_patient_6|synovial_fluid|Tcon,JIA_patient_6,synovial_fluid,4454,WNT,-2.21246309,0.0269503186,14411
Tcon,JIA_patient_6|peripheral_blood|Tcon,JIA_patient_6,peripheral_blood,4276,WNT,2.11330166,0.0345921162,14411
Tcon,JIA_patient_7|synovial_fluid|Tcon,JIA_patient_7,synovial_fluid,2653,WNT,-0.945790395,0.34427138,14411
Tcon,JIA_patient_7|peripheral_blood|Tcon,JIA_patient_7,peripheral_blood,3032,WNT,3.01385915,0.00258396428,14411
Tcon,JIA_patient_1|synovial_fluid|Tcon,JIA_patient_1,synovial_fluid,2851,p53,1.74432156,0.0811243756,14411
Tcon,JIA_patient_1|peripheral_blood|Tcon,JIA_patient_1,peripheral_blood,2885,p53,-0.26193399,0.793376081,14411
Tcon,JIA_patient_2|synovial_fluid|Tcon,JIA_patient_2,synovial_fluid,2238,p53,1.88839215,0.058993412,14411
Tcon,JIA_patient_2|peripheral_blood|Tcon,JIA_patient_2,peripheral_blood,2480,p53,-1.9713661200000001,0.0487011335,14411
Tcon,JIA_patient_3|synovial_fluid|Tcon,JIA_patient_3,synovial_fluid,1653,p53,-0.469796964,0.638507199,14411
Tcon,JIA_patient_4|synovial_fluid|Tcon,JIA_patient_4,synovial_fluid,2579,p53,0.314845865,0.752883249,14411
Tcon,JIA_patient_4|peripheral_blood|Tcon,JIA_patient_4,peripheral_blood,2222,p53,-0.453523599,0.65017859,14411
Tcon,JIA_patient_5|synovial_fluid|Tcon,JIA_patient_5,synovial_fluid,3074,p53,1.00888119,0.313048572,14411
Tcon,JIA_patient_5|peripheral_blood|Tcon,JIA_patient_5,peripheral_blood,3516,p53,0.033854009,0.972994037,14411
Tcon,JIA_patient_6|synovial_fluid|Tcon,JIA_patient_6,synovial_fluid,4454,p53,-3.4630222,5.35696853e-4,14411
Tcon,JIA_patient_6|peripheral_blood|Tcon,JIA_patient_6,peripheral_blood,4276,p53,-3.43032464,6.04550909e-4,14411
Tcon,JIA_patient_7|synovial_fluid|Tcon,JIA_patient_7,synovial_fluid,2653,p53,3.30359209,9.56874794e-4,14411
Tcon,JIA_patient_7|peripheral_blood|Tcon,JIA_patient_7,peripheral_blood,3032,p53,2.49723885,0.0125275412,14411
Treg,JIA_patient_1|synovial_fluid|Treg,JIA_patient_1,synovial_fluid,1761,Androgen,0.982722711,0.325760931,13999
Treg,JIA_patient_1|peripheral_blood|Treg,JIA_patient_1,peripheral_blood,2360,Androgen,0.582562164,0.560197475,13999
Treg,JIA_patient_2|synovial_fluid|Treg,JIA_patient_2,synovial_fluid,2669,Androgen,-0.578364575,0.563027319,13999
Treg,JIA_patient_2|peripheral_blood|Treg,JIA_patient_2,peripheral_blood,1271,Androgen,-1.09413449,0.273914843,13999
Treg,JIA_patient_3|synovial_fluid|Treg,JIA_patient_3,synovial_fluid,1636,Androgen,0.633755117,0.526251014,13999
Treg,JIA_patient_3|peripheral_blood|Treg,JIA_patient_3,peripheral_blood,1581,Androgen,-1.51203751,0.130546918,13999
Treg,JIA_patient_4|synovial_fluid|Treg,JIA_patient_4,synovial_fluid,2867,Androgen,1.47301541,0.140769389,13999
Treg,JIA_patient_4|peripheral_blood|Treg,JIA_patient_4,peripheral_blood,2230,Androgen,-1.95769249,0.0502859658,13999
Treg,JIA_patient_5|peripheral_blood|Treg,JIA_patient_5,peripheral_blood,3942,Androgen,0.863769531,0.387729324,13999
Treg,JIA_patient_6|synovial_fluid|Treg,JIA_patient_6,synovial_fluid,1825,Androgen,-0.318306568,0.750257156,13999
Treg,JIA_patient_6|peripheral_blood|Treg,JIA_patient_6,peripheral_blood,1953,Androgen,-1.18101842,0.23761549,13999
Treg,JIA_patient_7|synovial_fluid|Treg,JIA_patient_7,synovial_fluid,2814,Androgen,2.52774244,0.0114907733,13999
Treg,JIA_patient_7|peripheral_blood|Treg,JIA_patient_7,peripheral_blood,266,Androgen,0.115006154,0.908441895,13999
Treg,JIA_patient_1|synovial_fluid|Treg,JIA_patient_1,synovial_fluid,1761,EGFR,7.44709964,1.00991496e-13,13999
Treg,JIA_patient_1|peripheral_blood|Treg,JIA_patient_1,peripheral_blood,2360,EGFR,-4.41415657,1.02164335e-5,13999
Treg,JIA_patient_2|synovial_fluid|Treg,JIA_patient_2,synovial_fluid,2669,EGFR,5.98120868,2.26891604e-9,13999
Treg,JIA_patient_2|peripheral_blood|Treg,JIA_patient_2,peripheral_blood,1271,EGFR,-4.69800886,2.65211116e-6,13999
Treg,JIA_patient_3|synovial_fluid|Treg,JIA_patient_3,synovial_fluid,1636,EGFR,3.10728069,0.00189195325,13999
Treg,JIA_patient_3|peripheral_blood|Treg,JIA_patient_3,peripheral_blood,1581,EGFR,-6.72230893,1.85799979e-11,13999
Treg,JIA_patient_4|synovial_fluid|Treg,JIA_patient_4,synovial_fluid,2867,EGFR,5.2566965,1.48824e-7,13999
Treg,JIA_patient_4|peripheral_blood|Treg,JIA_patient_4,peripheral_blood,2230,EGFR,-3.80468072,1.42591875e-4,13999
Treg,JIA_patient_5|peripheral_blood|Treg,JIA_patient_5,peripheral_blood,3942,EGFR,-7.27492527,3.65048141e-13,13999
Treg,JIA_patient_6|synovial_fluid|Treg,JIA_patient_6,synovial_fluid,1825,EGFR,7.51591198,5.99439731e-14,13999
Treg,JIA_patient_6|peripheral_blood|Treg,JIA_patient_6,peripheral_blood,1953,EGFR,-6.32328324,2.63845627e-10,13999
Treg,JIA_patient_7|synovial_fluid|Treg,JIA_patient_7,synovial_fluid,2814,EGFR,6.50703756,7.92570882e-11,13999
Treg,JIA_patient_7|peripheral_blood|Treg,JIA_patient_7,peripheral_blood,266,EGFR,-3.69182243,2.23499446e-4,13999
Treg,JIA_patient_1|synovial_fluid|Treg,JIA_patient_1,synovial_fluid,1761,Estrogen,-0.493550669,0.621631298,13999
Treg,JIA_patient_1|peripheral_blood|Treg,JIA_patient_1,peripheral_blood,2360,Estrogen,-0.675809765,0.49917261,13999
Treg,JIA_patient_2|synovial_fluid|Treg,JIA_patient_2,synovial_fluid,2669,Estrogen,-1.97975362,0.0477507953,13999
Treg,JIA_patient_2|peripheral_blood|Treg,JIA_patient_2,peripheral_blood,1271,Estrogen,2.03942484,0.0414264039,13999
Treg,JIA_patient_3|synovial_fluid|Treg,JIA_patient_3,synovial_fluid,1636,Estrogen,-0.493413845,0.621727951,13999
Treg,JIA_patient_3|peripheral_blood|Treg,JIA_patient_3,peripheral_blood,1581,Estrogen,-0.801061895,0.423109425,13999
Treg,JIA_patient_4|synovial_fluid|Treg,JIA_patient_4,synovial_fluid,2867,Estrogen,1.70105475,0.0889549386,13999
Treg,JIA_patient_4|peripheral_blood|Treg,JIA_patient_4,peripheral_blood,2230,Estrogen,-1.20743397,0.227285481,13999
Treg,JIA_patient_5|peripheral_blood|Treg,JIA_patient_5,peripheral_blood,3942,Estrogen,2.04874847,0.040505342,13999
Treg,JIA_patient_6|synovial_fluid|Treg,JIA_patient_6,synovial_fluid,1825,Estrogen,0.436916438,0.662178696,13999
Treg,JIA_patient_6|peripheral_blood|Treg,JIA_patient_6,peripheral_blood,1953,Estrogen,0.0303310612,0.975803458,13999
Treg,JIA_patient_7|synovial_fluid|Treg,JIA_patient_7,synovial_fluid,2814,Estrogen,-0.0846530174,0.93253846,13999
Treg,JIA_patient_7|peripheral_blood|Treg,JIA_patient_7,peripheral_blood,266,Estrogen,-0.398985175,0.68991022,13999
Treg,JIA_patient_1|synovial_fluid|Treg,JIA_patient_1,synovial_fluid,1761,Hypoxia,4.07897719,4.54850045e-5,13999
Treg,JIA_patient_1|peripheral_blood|Treg,JIA_patient_1,peripheral_blood,2360,Hypoxia,-1.68563873,0.0918877144,13999
Treg,JIA_patient_2|synovial_fluid|Treg,JIA_patient_2,synovial_fluid,2669,Hypoxia,0.309893791,0.756646342,13999
Treg,JIA_patient_2|peripheral_blood|Treg,JIA_patient_2,peripheral_blood,1271,Hypoxia,-7.54816903,4.68665616e-14,13999
Treg,JIA_patient_3|synovial_fluid|Treg,JIA_patient_3,synovial_fluid,1636,Hypoxia,4.80192316,1.58776879e-6,13999
Treg,JIA_patient_3|peripheral_blood|Treg,JIA_patient_3,peripheral_blood,1581,Hypoxia,-4.22359835,2.41954156e-5,13999
Treg,JIA_patient_4|synovial_fluid|Treg,JIA_patient_4,synovial_fluid,2867,Hypoxia,7.8414475,4.77471659e-15,13999
Treg,JIA_patient_4|peripheral_blood|Treg,JIA_patient_4,peripheral_blood,2230,Hypoxia,-2.42190019,0.0154522217,13999
Treg,JIA_patient_5|peripheral_blood|Treg,JIA_patient_5,peripheral_blood,3942,Hypoxia,-4.76058179,1.94969656e-6,13999
Treg,JIA_patient_6|synovial_fluid|Treg,JIA_patient_6,synovial_fluid,1825,Hypoxia,4.56165486,5.11834116e-6,13999
Treg,JIA_patient_6|peripheral_blood|Treg,JIA_patient_6,peripheral_blood,1953,Hypoxia,-2.76580004,0.00568578321,13999
Treg,JIA_patient_7|synovial_fluid|Treg,JIA_patient_7,synovial_fluid,2814,Hypoxia,2.74474305,0.00606355791,13999
Treg,JIA_patient_7|peripheral_blood|Treg,JIA_patient_7,peripheral_blood,266,Hypoxia,-1.51740583,0.129186858,13999
Treg,JIA_patient_1|synovial_fluid|Treg,JIA_patient_1,synovial_fluid,1761,JAK-STAT,16.416948,5.264158119999999e-60,13999
Treg,JIA_patient_1|peripheral_blood|Treg,JIA_patient_1,peripheral_blood,2360,JAK-STAT,0.585289778,0.558362331,13999
Treg,JIA_patient_2|synovial_fluid|Treg,JIA_patient_2,synovial_fluid,2669,JAK-STAT,0.0790252387,0.937013679,13999
Treg,JIA_patient_2|peripheral_blood|Treg,JIA_patient_2,peripheral_blood,1271,JAK-STAT,-10.8525906,2.4910669600000002e-27,13999
Treg,JIA_patient_3|synovial_fluid|Treg,JIA_patient_3,synovial_fluid,1636,JAK-STAT,16.4079644,6.086724309999999e-60,13999
Treg,JIA_patient_3|peripheral_blood|Treg,JIA_patient_3,peripheral_blood,1581,JAK-STAT,0.128546106,0.897718662,13999
Treg,JIA_patient_4|synovial_fluid|Treg,JIA_patient_4,synovial_fluid,2867,JAK-STAT,3.05950088,0.0022212579,13999
Treg,JIA_patient_4|peripheral_blood|Treg,JIA_patient_4,peripheral_blood,2230,JAK-STAT,-0.96772332,0.333199305,13999
Treg,JIA_patient_5|peripheral_blood|Treg,JIA_patient_5,peripheral_blood,3942,JAK-STAT,-3.75401015,1.74732402e-4,13999
Treg,JIA_patient_6|synovial_fluid|Treg,JIA_patient_6,synovial_fluid,1825,JAK-STAT,-3.57093852,3.56898055e-4,13999
Treg,JIA_patient_6|peripheral_blood|Treg,JIA_patient_6,peripheral_blood,1953,JAK-STAT,-4.66814913,3.06748506e-6,13999
Treg,JIA_patient_7|synovial_fluid|Treg,JIA_patient_7,synovial_fluid,2814,JAK-STAT,-1.22353233,0.221149319,13999
Treg,JIA_patient_7|peripheral_blood|Treg,JIA_patient_7,peripheral_blood,266,JAK-STAT,-6.89828674,5.48952156e-12,13999
Treg,JIA_patient_1|synovial_fluid|Treg,JIA_patient_1,synovial_fluid,1761,MAPK,2.62684851,0.00862736731,13999
Treg,JIA_patient_1|peripheral_blood|Treg,JIA_patient_1,peripheral_blood,2360,MAPK,-3.3208872,8.99615582e-4,13999
Treg,JIA_patient_2|synovial_fluid|Treg,JIA_patient_2,synovial_fluid,2669,MAPK,-3.76560486,1.66826911e-4,13999
Treg,JIA_patient_2|peripheral_blood|Treg,JIA_patient_2,peripheral_blood,1271,MAPK,3.70333746,2.13600072e-4,13999
Treg,JIA_patient_3|synovial_fluid|Treg,JIA_patient_3,synovial_fluid,1636,MAPK,2.03342054,0.0420288975,13999
Treg,JIA_patient_3|peripheral_blood|Treg,JIA_patient_3,peripheral_blood,1581,MAPK,0.118316173,0.905818843,13999
Treg,JIA_patient_4|synovial_fluid|Treg,JIA_patient_4,synovial_fluid,2867,MAPK,1.38135228,0.167192741,13999
Treg,JIA_patient_4|peripheral_blood|Treg,JIA_patient_4,peripheral_blood,2230,MAPK,-3.43857656,5.8648539e-4,13999
Treg,JIA_patient_5|peripheral_blood|Treg,JIA_patient_5,peripheral_blood,3942,MAPK,-3.51072719,4.48290014e-4,13999
Treg,JIA_patient_6|synovial_fluid|Treg,JIA_patient_6,synovial_fluid,1825,MAPK,2.53096545,0.0113857742,13999
Treg,JIA_patient_6|peripheral_blood|Treg,JIA_patient_6,peripheral_blood,1953,MAPK,-1.1975576000000001,0.231109591,13999
Treg,JIA_patient_7|synovial_fluid|Treg,JIA_patient_7,synovial_fluid,2814,MAPK,1.29563252,0.195123504,13999
Treg,JIA_patient_7|peripheral_blood|Treg,JIA_patient_7,peripheral_blood,266,MAPK,-0.243136718,0.807903054,13999
Treg,JIA_patient_1|synovial_fluid|Treg,JIA_patient_1,synovial_fluid,1761,NFkB,2.67902701,0.00739228219,13999
Treg,JIA_patient_1|peripheral_blood|Treg,JIA_patient_1,peripheral_blood,2360,NFkB,-3.37488936,7.40461221e-4,13999
Treg,JIA_patient_2|synovial_fluid|Treg,JIA_patient_2,synovial_fluid,2669,NFkB,2.31178316,0.020804094,13999
Treg,JIA_patient_2|peripheral_blood|Treg,JIA_patient_2,peripheral_blood,1271,NFkB,-5.16785615,2.40054912e-7,13999
Treg,JIA_patient_3|synovial_fluid|Treg,JIA_patient_3,synovial_fluid,1636,NFkB,6.39157961,1.69387625e-10,13999
Treg,JIA_patient_3|peripheral_blood|Treg,JIA_patient_3,peripheral_blood,1581,NFkB,-3.40691683,6.58861379e-4,13999
Treg,JIA_patient_4|synovial_fluid|Treg,JIA_patient_4,synovial_fluid,2867,NFkB,5.45635387,4.94280839e-8,13999
Treg,JIA_patient_4|peripheral_blood|Treg,JIA_patient_4,peripheral_blood,2230,NFkB,-5.94306973,2.86388298e-9,13999
Treg,JIA_patient_5|peripheral_blood|Treg,JIA_patient_5,peripheral_blood,3942,NFkB,-6.50325453,8.1270805e-11,13999
Treg,JIA_patient_6|synovial_fluid|Treg,JIA_patient_6,synovial_fluid,1825,NFkB,3.44193724,5.79253581e-4,13999
Treg,JIA_patient_6|peripheral_blood|Treg,JIA_patient_6,peripheral_blood,1953,NFkB,-2.69039597,0.00714520545,13999
Treg,JIA_patient_7|synovial_fluid|Treg,JIA_patient_7,synovial_fluid,2814,NFkB,7.10956714,1.22052435e-12,13999
Treg,JIA_patient_7|peripheral_blood|Treg,JIA_patient_7,peripheral_blood,266,NFkB,-1.56553466,0.117480225,13999
Treg,JIA_patient_1|synovial_fluid|Treg,JIA_patient_1,synovial_fluid,1761,PI3K,4.16757552,3.09708363e-5,13999
Treg,JIA_patient_1|peripheral_blood|Treg,JIA_patient_1,peripheral_blood,2360,PI3K,-3.78478683,1.54482701e-4,13999
Treg,JIA_patient_2|synovial_fluid|Treg,JIA_patient_2,synovial_fluid,2669,PI3K,0.120360484,0.904199322,13999
Treg,JIA_patient_2|peripheral_blood|Treg,JIA_patient_2,peripheral_blood,1271,PI3K,0.986733516,0.323790367,13999
Treg,JIA_patient_3|synovial_fluid|Treg,JIA_patient_3,synovial_fluid,1636,PI3K,6.02062055,1.78099821e-9,13999
Treg,JIA_patient_3|peripheral_blood|Treg,JIA_patient_3,peripheral_blood,1581,PI3K,0.102326101,0.918499306,13999
Treg,JIA_patient_4|synovial_fluid|Treg,JIA_patient_4,synovial_fluid,2867,PI3K,4.10555845,4.05630869e-5,13999
Treg,JIA_patient_4|peripheral_blood|Treg,JIA_patient_4,peripheral_blood,2230,PI3K,-2.06536285,0.0389070646,13999
Treg,JIA_patient_5|peripheral_blood|Treg,JIA_patient_5,peripheral_blood,3942,PI3K,-5.52441261,3.36494336e-8,13999
Treg,JIA_patient_6|synovial_fluid|Treg,JIA_patient_6,synovial_fluid,1825,PI3K,3.15654244,0.00159990558,13999
Treg,JIA_patient_6|peripheral_blood|Treg,JIA_patient_6,peripheral_blood,1953,PI3K,-5.65845822,1.5573542e-8,13999
Treg,JIA_patient_7|synovial_fluid|Treg,JIA_patient_7,synovial_fluid,2814,PI3K,1.06568388,0.286584968,13999
Treg,JIA_patient_7|peripheral_blood|Treg,JIA_patient_7,peripheral_blood,266,PI3K,-3.87319857,1.07905566e-4,13999
Treg,JIA_patient_1|synovial_fluid|Treg,JIA_patient_1,synovial_fluid,1761,TGFb,3.80089025,1.44788833e-4,13999
Treg,JIA_patient_1|peripheral_blood|Treg,JIA_patient_1,peripheral_blood,2360,TGFb,-4.00154797,6.32537647e-5,13999
Treg,JIA_patient_2|synovial_fluid|Treg,JIA_patient_2,synovial_fluid,2669,TGFb,3.20053269,0.00137480231,13999
Treg,JIA_patient_2|peripheral_blood|Treg,JIA_patient_2,peripheral_blood,1271,TGFb,-4.90144464,9.62012717e-7,13999
Treg,JIA_patient_3|synovial_fluid|Treg,JIA_patient_3,synovial_fluid,1636,TGFb,4.16402724,3.14557546e-5,13999
Treg,JIA_patient_3|peripheral_blood|Treg,JIA_patient_3,peripheral_blood,1581,TGFb,-3.51433037,4.42257776e-4,13999
Treg,JIA_patient_4|synovial_fluid|Treg,JIA_patient_4,synovial_fluid,2867,TGFb,4.40202318,1.08041218e-5,13999
Treg,JIA_patient_4|peripheral_blood|Treg,JIA_patient_4,peripheral_blood,2230,TGFb,-3.1656937,0.00155045558,13999
Treg,JIA_patient_5|peripheral_blood|Treg,JIA_patient_5,peripheral_blood,3942,TGFb,-4.63422491,3.61513257e-6,13999
Treg,JIA_patient_6|synovial_fluid|Treg,JIA_patient_6,synovial_fluid,1825,TGFb,6.16646488,7.17552386e-10,13999
Treg,JIA_patient_6|peripheral_blood|Treg,JIA_patient_6,peripheral_blood,1953,TGFb,-4.38976934,1.14303292e-5,13999
Treg,JIA_patient_7|synovial_fluid|Treg,JIA_patient_7,synovial_fluid,2814,TGFb,3.37752771,7.33399948e-4,13999
Treg,JIA_patient_7|peripheral_blood|Treg,JIA_patient_7,peripheral_blood,266,TGFb,-2.14490845,0.0319773427,13999
Treg,JIA_patient_1|synovial_fluid|Treg,JIA_patient_1,synovial_fluid,1761,TNFa,0.708928449,0.478380698,13999
Treg,JIA_patient_1|peripheral_blood|Treg,JIA_patient_1,peripheral_blood,2360,TNFa,0.647067324,0.517598993,13999
Treg,JIA_patient_2|synovial_fluid|Treg,JIA_patient_2,synovial_fluid,2669,TNFa,-0.0321749994,0.974332953,13999
Treg,JIA_patient_2|peripheral_blood|Treg,JIA_patient_2,peripheral_blood,1271,TNFa,1.1350583,0.256370348,13999
Treg,JIA_patient_3|synovial_fluid|Treg,JIA_patient_3,synovial_fluid,1636,TNFa,-2.11243804,0.0346665735,13999
Treg,JIA_patient_3|peripheral_blood|Treg,JIA_patient_3,peripheral_blood,1581,TNFa,0.534857326,0.592757023,13999
Treg,JIA_patient_4|synovial_fluid|Treg,JIA_patient_4,synovial_fluid,2867,TNFa,-1.92537518,0.0542026943,13999
Treg,JIA_patient_4|peripheral_blood|Treg,JIA_patient_4,peripheral_blood,2230,TNFa,2.1106137,0.0348232355,13999
Treg,JIA_patient_5|peripheral_blood|Treg,JIA_patient_5,peripheral_blood,3942,TNFa,1.94442557,0.0518641777,13999
Treg,JIA_patient_6|synovial_fluid|Treg,JIA_patient_6,synovial_fluid,1825,TNFa,-1.484849,0.13760637,13999
Treg,JIA_patient_6|peripheral_blood|Treg,JIA_patient_6,peripheral_blood,1953,TNFa,0.267581844,0.789025154,13999
Treg,JIA_patient_7|synovial_fluid|Treg,JIA_patient_7,synovial_fluid,2814,TNFa,-1.65400814,0.0981483029,13999
Treg,JIA_patient_7|peripheral_blood|Treg,JIA_patient_7,peripheral_blood,266,TNFa,0.564685284,0.572296903,13999
Treg,JIA_patient_1|synovial_fluid|Treg,JIA_patient_1,synovial_fluid,1761,Trail,-1.20679582,0.2275312,13999
Treg,JIA_patient_1|peripheral_blood|Treg,JIA_patient_1,peripheral_blood,2360,Trail,-0.721861432,0.47039174499999997,13999
Treg,JIA_patient_2|synovial_fluid|Treg,JIA_patient_2,synovial_fluid,2669,Trail,1.73153717,0.0833780553,13999
Treg,JIA_patient_2|peripheral_blood|Treg,JIA_patient_2,peripheral_blood,1271,Trail,-0.643862718,0.519675019,13999
Treg,JIA_patient_3|synovial_fluid|Treg,JIA_patient_3,synovial_fluid,1636,Trail,-1.73212566,0.0832732421,13999
Treg,JIA_patient_3|peripheral_blood|Treg,JIA_patient_3,peripheral_blood,1581,Trail,-0.2067954,0.83617266,13999
Treg,JIA_patient_4|synovial_fluid|Treg,JIA_patient_4,synovial_fluid,2867,Trail,-1.44457478,0.148599766,13999
Treg,JIA_patient_4|peripheral_blood|Treg,JIA_patient_4,peripheral_blood,2230,Trail,0.233991418,0.814995067,13999
Treg,JIA_patient_5|peripheral_blood|Treg,JIA_patient_5,peripheral_blood,3942,Trail,1.6581483,0.0973099661,13999
Treg,JIA_patient_6|synovial_fluid|Treg,JIA_patient_6,synovial_fluid,1825,Trail,0.729588969,0.465653687,13999
Treg,JIA_patient_6|peripheral_blood|Treg,JIA_patient_6,peripheral_blood,1953,Trail,0.849114111,0.395832335,13999
Treg,JIA_patient_7|synovial_fluid|Treg,JIA_patient_7,synovial_fluid,2814,Trail,-1.94199908,0.0521572656,13999
Treg,JIA_patient_7|peripheral_blood|Treg,JIA_patient_7,peripheral_blood,266,Trail,1.79438639,0.0727731092,13999
Treg,JIA_patient_1|synovial_fluid|Treg,JIA_patient_1,synovial_fluid,1761,VEGF,4.82652402,1.40404554e-6,13999
Treg,JIA_patient_1|peripheral_blood|Treg,JIA_patient_1,peripheral_blood,2360,VEGF,-0.562573612,0.573734283,13999
Treg,JIA_patient_2|synovial_fluid|Treg,JIA_patient_2,synovial_fluid,2669,VEGF,2.17142049,0.0299161581,13999
Treg,JIA_patient_2|peripheral_blood|Treg,JIA_patient_2,peripheral_blood,1271,VEGF,-3.22610275,0.0012577697,13999
Treg,JIA_patient_3|synovial_fluid|Treg,JIA_patient_3,synovial_fluid,1636,VEGF,1.0194883,0.30798884,13999
Treg,JIA_patient_3|peripheral_blood|Treg,JIA_patient_3,peripheral_blood,1581,VEGF,-2.80051236,0.00510915639,13999
Treg,JIA_patient_4|synovial_fluid|Treg,JIA_patient_4,synovial_fluid,2867,VEGF,3.13521133,0.00172085915,13999
Treg,JIA_patient_4|peripheral_blood|Treg,JIA_patient_4,peripheral_blood,2230,VEGF,-0.59822358,0.549700448,13999
Treg,JIA_patient_5|peripheral_blood|Treg,JIA_patient_5,peripheral_blood,3942,VEGF,-0.73195665,0.464207293,13999
Treg,JIA_patient_6|synovial_fluid|Treg,JIA_patient_6,synovial_fluid,1825,VEGF,0.675921826,0.499101457,13999
Treg,JIA_patient_6|peripheral_blood|Treg,JIA_patient_6,peripheral_blood,1953,VEGF,-1.4707925,0.14136974,13999
Treg,JIA_patient_7|synovial_fluid|Treg,JIA_patient_7,synovial_fluid,2814,VEGF,1.75820222,0.0787349802,13999
Treg,JIA_patient_7|peripheral_blood|Treg,JIA_patient_7,peripheral_blood,266,VEGF,-2.55854623,0.0105215214,13999
Treg,JIA_patient_1|synovial_fluid|Treg,JIA_patient_1,synovial_fluid,1761,WNT,-1.82347904,0.0682522051,13999
Treg,JIA_patient_1|peripheral_blood|Treg,JIA_patient_1,peripheral_blood,2360,WNT,1.88515242,0.0594299771,13999
Treg,JIA_patient_2|synovial_fluid|Treg,JIA_patient_2,synovial_fluid,2669,WNT,-3.49806864,4.70096499e-4,13999
Treg,JIA_patient_2|peripheral_blood|Treg,JIA_patient_2,peripheral_blood,1271,WNT,1.99306674,0.0462735381,13999
Treg,JIA_patient_3|synovial_fluid|Treg,JIA_patient_3,synovial_fluid,1636,WNT,-2.10643653,0.035184221,13999
Treg,JIA_patient_3|peripheral_blood|Treg,JIA_patient_3,peripheral_blood,1581,WNT,1.52422529,0.127475056,13999
Treg,JIA_patient_4|synovial_fluid|Treg,JIA_patient_4,synovial_fluid,2867,WNT,-1.23468467,0.216968631,13999
Treg,JIA_patient_4|peripheral_blood|Treg,JIA_patient_4,peripheral_blood,2230,WNT,0.24278589,0.808174827,13999
Treg,JIA_patient_5|peripheral_blood|Treg,JIA_patient_5,peripheral_blood,3942,WNT,1.79719024,0.0723269923,13999
Treg,JIA_patient_6|synovial_fluid|Treg,JIA_patient_6,synovial_fluid,1825,WNT,-2.06689366,0.038762537,13999
Treg,JIA_patient_6|peripheral_blood|Treg,JIA_patient_6,peripheral_blood,1953,WNT,1.60902715,0.107632977,13999
Treg,JIA_patient_7|synovial_fluid|Treg,JIA_patient_7,synovial_fluid,2814,WNT,-0.826542062,0.40851077,13999
Treg,JIA_patient_7|peripheral_blood|Treg,JIA_patient_7,peripheral_blood,266,WNT,2.44126224,0.0146483356,13999
Treg,JIA_patient_1|synovial_fluid|Treg,JIA_patient_1,synovial_fluid,1761,p53,2.53997302,0.0110968294,13999
Treg,JIA_patient_1|peripheral_blood|Treg,JIA_patient_1,peripheral_blood,2360,p53,6.88560025,5.99990594e-12,13999
Treg,JIA_patient_2|synovial_fluid|Treg,JIA_patient_2,synovial_fluid,2669,p53,9.37521917,7.945783010000001e-21,13999
Treg,JIA_patient_2|peripheral_blood|Treg,JIA_patient_2,peripheral_blood,1271,p53,-14.3165699,3.6540634099999996e-46,13999
Treg,JIA_patient_3|synovial_fluid|Treg,JIA_patient_3,synovial_fluid,1636,p53,-4.96475956,6.95968829e-7,13999
Treg,JIA_patient_3|peripheral_blood|Treg,JIA_patient_3,peripheral_blood,1581,p53,-2.48796038,0.0128593593,13999
Treg,JIA_patient_4|synovial_fluid|Treg,JIA_patient_4,synovial_fluid,2867,p53,-3.77559382,1.60287321e-4,13999
Treg,JIA_patient_4|peripheral_blood|Treg,JIA_patient_4,peripheral_blood,2230,p53,4.70311872,2.58666835e-6,13999
Treg,JIA_patient_5|peripheral_blood|Treg,JIA_patient_5,peripheral_blood,3942,p53,0.79111211,0.42889199,13999
Treg,JIA_patient_6|synovial_fluid|Treg,JIA_patient_6,synovial_fluid,1825,p53,-4.34018329,1.4336376e-5,13999
Treg,JIA_patient_6|peripheral_blood|Treg,JIA_patient_6,peripheral_blood,1953,p53,0.518866902,0.603861771,13999
Treg,JIA_patient_7|synovial_fluid|Treg,JIA_patient_7,synovial_fluid,2814,p53,2.7463496,0.0060339581,13999
Treg,JIA_patient_7|peripheral_blood|Treg,JIA_patient_7,peripheral_blood,266,p53,4.8650739,1.15660623e-6,13999
