population,configuration,n_donors_flipped,donors_flipped,is_observed,tf,score,rank
Treg,1,0,none,TRUE,HIF1A,8.29858018,6
Treg,1,0,none,TRUE,NFKB1,8.2864824,7
Treg,1,0,none,TRUE,STAT3,6.89487265,10
Treg,1,0,none,TRUE,CREB1,6.86970008,11
Treg,1,0,none,TRUE,ATF3,3.95688097,60
Treg,1,0,none,TRUE,REL,7.5586492,8
Treg,1,0,none,TRUE,HSF1,5.59955767,21
Treg,1,0,none,TRUE,EPAS1,2.79380722,140
Treg,2,1,JIA_patient_1,FALSE,HIF1A,6.62634133,5
Treg,2,1,JIA_patient_1,FALSE,NFKB1,5.20987873,11
Treg,2,1,JIA_patient_1,FALSE,STAT3,5.28968755,9
Treg,2,1,JIA_patient_1,FALSE,CREB1,4.80539072,18
Treg,2,1,JIA_patient_1,FALSE,ATF3,5.01826648,14
Treg,2,1,JIA_patient_1,FALSE,REL,4.99087881,15
Treg,2,1,JIA_patient_1,FALSE,HSF1,5.21165333,10
Treg,2,1,JIA_patient_1,FALSE,EPAS1,1.03554913,304
Treg,3,1,JIA_patient_2,FALSE,HIF1A,5.45507006,14
Treg,3,1,JIA_patient_2,FALSE,NFKB1,5.4081265,15
Treg,3,1,JIA_patient_2,FALSE,STAT3,5.6079925,13
Treg,3,1,JIA_patient_2,FALSE,CREB1,4.57917085,21
Treg,3,1,JIA_patient_2,FALSE,ATF3,2.93066122,71
Treg,3,1,JIA_patient_2,FALSE,REL,4.05210816,33
Treg,3,1,JIA_patient_2,FALSE,HSF1,4.15742961,31
Treg,3,1,JIA_patient_2,FALSE,EPAS1,2.18308024,119
Treg,4,2,JIA_patient_1|JIA_patient_2,FALSE,HIF1A,4.32979077,20
Treg,4,2,JIA_patient_1|JIA_patient_2,FALSE,NFKB1,3.60149047,39
Treg,4,2,JIA_patient_1|JIA_patient_2,FALSE,STAT3,4.72744091,14
Treg,4,2,JIA_patient_1|JIA_patient_2,FALSE,CREB1,3.61643062,38
Treg,4,2,JIA_patient_1|JIA_patient_2,FALSE,ATF3,2.83308325,64
Treg,4,2,JIA_patient_1|JIA_patient_2,FALSE,REL,3.2082728,50
Treg,4,2,JIA_patient_1|JIA_patient_2,FALSE,HSF1,3.6336782,35
Treg,4,2,JIA_patient_1|JIA_patient_2,FALSE,EPAS1,1.40403846,222
Treg,5,1,JIA_patient_3,FALSE,HIF1A,5.85518312,7
Treg,5,1,JIA_patient_3,FALSE,NFKB1,6.01125145,6
Treg,5,1,JIA_patient_3,FALSE,STAT3,3.71864263,32
Treg,5,1,JIA_patient_3,FALSE,CREB1,4.12206127,22
Treg,5,1,JIA_patient_3,FALSE,ATF3,4.26942882,18
Treg,5,1,JIA_patient_3,FALSE,REL,3.96861296,27
Treg,5,1,JIA_patient_3,FALSE,HSF1,5.089997,10
Treg,5,1,JIA_patient_3,FALSE,EPAS1,1.40269025,213
Treg,6,2,JIA_patient_1|JIA_patient_3,FALSE,HIF1A,4.10030535,10
Treg,6,2,JIA_patient_1|JIA_patient_3,FALSE,NFKB1,2.22665152,85
Treg,6,2,JIA_patient_1|JIA_patient_3,FALSE,STAT3,1.18711994,228
Treg,6,2,JIA_patient_1|JIA_patient_3,FALSE,CREB1,2.37729725,69
Treg,6,2,JIA_patient_1|JIA_patient_3,FALSE,ATF3,3.6720566,15
Treg,6,2,JIA_patient_1|JIA_patient_3,FALSE,REL,1.98322967,111
Treg,6,2,JIA_patient_1|JIA_patient_3,FALSE,HSF1,4.12233749,9
Treg,6,2,JIA_patient_1|JIA_patient_3,FALSE,EPAS1,-0.59316259,510
Treg,7,2,JIA_patient_2|JIA_patient_3,FALSE,HIF1A,3.24396682,36
Treg,7,2,JIA_patient_2|JIA_patient_3,FALSE,NFKB1,4.24806062,18
Treg,7,2,JIA_patient_2|JIA_patient_3,FALSE,STAT3,3.06539511,45
Treg,7,2,JIA_patient_2|JIA_patient_3,FALSE,CREB1,2.4104089,78
Treg,7,2,JIA_patient_2|JIA_patient_3,FALSE,ATF3,1.87859478,121
Treg,7,2,JIA_patient_2|JIA_patient_3,FALSE,REL,1.70361541,141
Treg,7,2,JIA_patient_2|JIA_patient_3,FALSE,HSF1,2.99303934,49
Treg,7,2,JIA_patient_2|JIA_patient_3,FALSE,EPAS1,1.00619785,247
Treg,8,3,JIA_patient_1|JIA_patient_2|JIA_patient_3,FALSE,HIF1A,0.127425777,357
Treg,8,3,JIA_patient_1|JIA_patient_2|JIA_patient_3,FALSE,NFKB1,-0.533846941,483
Treg,8,3,JIA_patient_1|JIA_patient_2|JIA_patient_3,FALSE,STAT3,-0.2732368,433
Treg,8,3,JIA_patient_1|JIA_patient_2|JIA_patient_3,FALSE,CREB1,-0.108700627,397
Treg,8,3,JIA_patient_1|JIA_patient_2|JIA_patient_3,FALSE,ATF3,-0.180907615,414
Treg,8,3,JIA_patient_1|JIA_patient_2|JIA_patient_3,FALSE,REL,-1.7690782,584
Treg,8,3,JIA_patient_1|JIA_patient_2|JIA_patient_3,FALSE,HSF1,0.665987792,261
Treg,8,3,JIA_patient_1|JIA_patient_2|JIA_patient_3,FALSE,EPAS1,-0.995475092,543
Treg,9,1,JIA_patient_4,FALSE,HIF1A,6.15200793,7
Treg,9,1,JIA_patient_4,FALSE,NFKB1,6.72562636,6
Treg,9,1,JIA_patient_4,FALSE,STAT3,4.21704588,24
Treg,9,1,JIA_patient_4,FALSE,CREB1,4.40430608,20
Treg,9,1,JIA_patient_4,FALSE,ATF3,4.42553814,19
Treg,9,1,JIA_patient_4,FALSE,REL,6.03086131,9
Treg,9,1,JIA_patient_4,FALSE,HSF1,4.86900656,16
Treg,9,1,JIA_patient_4,FALSE,EPAS1,2.58144236,84
Treg,10,2,JIA_patient_1|JIA_patient_4,FALSE,HIF1A,4.23177207,10
Treg,10,2,JIA_patient_1|JIA_patient_4,FALSE,NFKB1,2.83383253,42
Treg,10,2,JIA_patient_1|JIA_patient_4,FALSE,STAT3,1.63776344,138
Treg,10,2,JIA_patient_1|JIA_patient_4,FALSE,CREB1,2.6320044,51
Treg,10,2,JIA_patient_1|JIA_patient_4,FALSE,ATF3,3.72839535,17
Treg,10,2,JIA_patient_1|JIA_patient_4,FALSE,REL,4.27090225,9
Treg,10,2,JIA_patient_1|JIA_patient_4,FALSE,HSF1,3.27778135,27
Treg,10,2,JIA_patient_1|JIA_patient_4,FALSE,EPAS1,1.04797966,228
Treg,11,2,JIA_patient_2|JIA_patient_4,FALSE,HIF1A,4.07291272,18
Treg,11,2,JIA_patient_2|JIA_patient_4,FALSE,NFKB1,5.39892828,9
Treg,11,2,JIA_patient_2|JIA_patient_4,FALSE,STAT3,3.70241374,24
Treg,11,2,JIA_patient_2|JIA_patient_4,FALSE,CREB1,3.3975318,31
Treg,11,2,JIA_patient_2|JIA_patient_4,FALSE,ATF3,2.7343717,60
Treg,11,2,JIA_patient_2|JIA_patient_4,FALSE,REL,4.15957673,17
Treg,11,2,JIA_patient_2|JIA_patient_4,FALSE,HSF1,3.0225951,48
Treg,11,2,JIA_patient_2|JIA_patient_4,FALSE,EPAS1,2.63117876,68
Treg,12,3,JIA_patient_1|JIA_patient_2|JIA_patient_4,FALSE,HIF1A,0.47952042,272
Treg,12,3,JIA_patient_1|JIA_patient_2|JIA_patient_4,FALSE,NFKB1,-0.136650957,427
Treg,12,3,JIA_patient_1|JIA_patient_2|JIA_patient_4,FALSE,STAT3,0.0940027327,375
Treg,12,3,JIA_patient_1|JIA_patient_2|JIA_patient_4,FALSE,CREB1,0.623930987,243
Treg,12,3,JIA_patient_1|JIA_patient_2|JIA_patient_4,FALSE,ATF3,0.403633705,297
Treg,12,3,JIA_patient_1|JIA_patient_2|JIA_patient_4,FALSE,REL,1.0360939,167
Treg,12,3,JIA_patient_1|JIA_patient_2|JIA_patient_4,FALSE,HSF1,0.24609186,340
Treg,12,3,JIA_patient_1|JIA_patient_2|JIA_patient_4,FALSE,EPAS1,0.766138672,218
Treg,13,2,JIA_patient_3|JIA_patient_4,FALSE,HIF1A,2.48097098,27
Treg,13,2,JIA_patient_3|JIA_patient_4,FALSE,NFKB1,3.11884065,11
Treg,13,2,JIA_patient_3|JIA_patient_4,FALSE,STAT3,-0.690773683,476
Treg,13,2,JIA_patient_3|JIA_patient_4,FALSE,CREB1,0.918671241,187
Treg,13,2,JIA_patient_3|JIA_patient_4,FALSE,ATF3,2.39717369,32
Treg,13,2,JIA_patient_3|JIA_patient_4,FALSE,REL,2.28096636,40
Treg,13,2,JIA_patient_3|JIA_patient_4,FALSE,HSF1,2.51746924,24
Treg,13,2,JIA_patient_3|JIA_patient_4,FALSE,EPAS1,0.719613129,224
Treg,14,3,JIA_patient_1|JIA_patient_3|JIA_patient_4,FALSE,HIF1A,-1.27850418,491
Treg,14,3,JIA_patient_1|JIA_patient_3|JIA_patient_4,FALSE,NFKB1,-2.38355544,583
Treg,14,3,JIA_patient_1|JIA_patient_3|JIA_patient_4,FALSE,STAT3,-4.54145171,596
Treg,14,3,JIA_patient_1|JIA_patient_3|JIA_patient_4,FALSE,CREB1,-2.01913012,570
Treg,14,3,JIA_patient_1|JIA_patient_3|JIA_patient_4,FALSE,ATF3,0.269931461,219
Treg,14,3,JIA_patient_1|JIA_patient_3|JIA_patient_4,FALSE,REL,-0.854735851,446
Treg,14,3,JIA_patient_1|JIA_patient_3|JIA_patient_4,FALSE,HSF1,-0.103594689,292
Treg,14,3,JIA_patient_1|JIA_patient_3|JIA_patient_4,FALSE,EPAS1,-1.67198474,548
Treg,15,3,JIA_patient_2|JIA_patient_3|JIA_patient_4,FALSE,HIF1A,-1.46652016,549
Treg,15,3,JIA_patient_2|JIA_patient_3|JIA_patient_4,FALSE,NFKB1,0.296943839,247
Treg,15,3,JIA_patient_2|JIA_patient_3|JIA_patient_4,FALSE,STAT3,-2.65847018,597
Treg,15,3,JIA_patient_2|JIA_patient_3|JIA_patient_4,FALSE,CREB1,-1.58507035,558
Treg,15,3,JIA_patient_2|JIA_patient_3|JIA_patient_4,FALSE,ATF3,-1.01909772,509
Treg,15,3,JIA_patient_2|JIA_patient_3|JIA_patient_4,FALSE,REL,-1.17734646,531
Treg,15,3,JIA_patient_2|JIA_patient_3|JIA_patient_4,FALSE,HSF1,-0.852210601,481
Treg,15,3,JIA_patient_2|JIA_patient_3|JIA_patient_4,FALSE,EPAS1,0.229914399,261
Treg,16,4,JIA_patient_1|JIA_patient_2|JIA_patient_3|JIA_patient_4,FALSE,HIF1A,-4.72604926,594
Treg,16,4,JIA_patient_1|JIA_patient_2|JIA_patient_3|JIA_patient_4,FALSE,NFKB1,-4.9211855,595
Treg,16,4,JIA_patient_1|JIA_patient_2|JIA_patient_3|JIA_patient_4,FALSE,STAT3,-5.63309075,601
Treg,16,4,JIA_patient_1|JIA_patient_2|JIA_patient_3|JIA_patient_4,FALSE,CREB1,-4.00992302,590
Treg,16,4,JIA_patient_1|JIA_patient_2|JIA_patient_3|JIA_patient_4,FALSE,ATF3,-3.3062227,587
Treg,16,4,JIA_patient_1|JIA_patient_2|JIA_patient_3|JIA_patient_4,FALSE,REL,-4.22793356,591
Treg,16,4,JIA_patient_1|JIA_patient_2|JIA_patient_3|JIA_patient_4,FALSE,HSF1,-3.21284605,585
Treg,16,4,JIA_patient_1|JIA_patient_2|JIA_patient_3|JIA_patient_4,FALSE,EPAS1,-2.02651804,538
Treg,17,1,JIA_patient_6,FALSE,HIF1A,5.79249434,10
Treg,17,1,JIA_patient_6,FALSE,NFKB1,6.84347177,7
Treg,17,1,JIA_patient_6,FALSE,STAT3,6.31136226,8
Treg,17,1,JIA_patient_6,FALSE,CREB1,5.72108043,11
Treg,17,1,JIA_patient_6,FALSE,ATF3,3.82423511,20
Treg,17,1,JIA_patient_6,FALSE,REL,5.85851964,9
Treg,17,1,JIA_patient_6,FALSE,HSF1,4.16920573,15
Treg,17,1,JIA_patient_6,FALSE,EPAS1,2.15834506,89
Treg,18,2,JIA_patient_1|JIA_patient_6,FALSE,HIF1A,3.66649937,10
Treg,18,2,JIA_patient_1|JIA_patient_6,FALSE,NFKB1,3.17989058,13
Treg,18,2,JIA_patient_1|JIA_patient_6,FALSE,STAT3,4.03117416,8
Treg,18,2,JIA_patient_1|JIA_patient_6,FALSE,CREB1,4.22371137,7
Treg,18,2,JIA_patient_1|JIA_patient_6,FALSE,ATF3,2.57823614,36
Treg,18,2,JIA_patient_1|JIA_patient_6,FALSE,REL,3.54511021,11
Treg,18,2,JIA_patient_1|JIA_patient_6,FALSE,HSF1,2.81083679,25
Treg,18,2,JIA_patient_1|JIA_patient_6,FALSE,EPAS1,0.113356819,348
Treg,19,2,JIA_patient_2|JIA_patient_6,FALSE,HIF1A,3.39586961,22
Treg,19,2,JIA_patient_2|JIA_patient_6,FALSE,NFKB1,4.82383667,9
Treg,19,2,JIA_patient_2|JIA_patient_6,FALSE,STAT3,5.4549724,6
Treg,19,2,JIA_patient_2|JIA_patient_6,FALSE,CREB1,3.99235238,16
Treg,19,2,JIA_patient_2|JIA_patient_6,FALSE,ATF3,1.18063296,176
Treg,19,2,JIA_patient_2|JIA_patient_6,FALSE,REL,2.99377161,27
Treg,19,2,JIA_patient_2|JIA_patient_6,FALSE,HSF1,2.18349655,53
Treg,19,2,JIA_patient_2|JIA_patient_6,FALSE,EPAS1,1.78487332,87
Treg,20,3,JIA_patient_1|JIA_patient_2|JIA_patient_6,FALSE,HIF1A,0.0942887874,296
Treg,20,3,JIA_patient_1|JIA_patient_2|JIA_patient_6,FALSE,NFKB1,-0.0166037184,320
Treg,20,3,JIA_patient_1|JIA_patient_2|JIA_patient_6,FALSE,STAT3,2.41286736,22
Treg,20,3,JIA_patient_1|JIA_patient_2|JIA_patient_6,FALSE,CREB1,1.75214369,56
Treg,20,3,JIA_patient_1|JIA_patient_2|JIA_patient_6,FALSE,ATF3,-0.907507163,482
Treg,20,3,JIA_patient_1|JIA_patient_2|JIA_patient_6,FALSE,REL,-0.0231969992,322
Treg,20,3,JIA_patient_1|JIA_patient_2|JIA_patient_6,FALSE,HSF1,-0.245875032,371
Treg,20,3,JIA_patient_1|JIA_patient_2|JIA_patient_6,FALSE,EPAS1,-0.218877007,365
Treg,21,2,JIA_patient_3|JIA_patient_6,FALSE,HIF1A,2.20645684,24
Treg,21,2,JIA_patient_3|JIA_patient_6,FALSE,NFKB1,3.76660384,1
Treg,21,2,JIA_patient_3|JIA_patient_6,FALSE,STAT3,1.56421612,61
Treg,21,2,JIA_patient_3|JIA_patient_6,FALSE,CREB1,2.83783304,7
Treg,21,2,JIA_patient_3|JIA_patient_6,FALSE,ATF3,1.26864672,88
Treg,21,2,JIA_patient_3|JIA_patient_6,FALSE,REL,1.51767334,65
Treg,21,2,JIA_patient_3|JIA_patient_6,FALSE,HSF1,2.22372321,22
Treg,21,2,JIA_patient_3|JIA_patient_6,FALSE,EPAS1,-0.0914848245,351
Treg,22,3,JIA_patient_1|JIA_patient_3|JIA_patient_6,FALSE,HIF1A,-2.05472528,526
Treg,22,3,JIA_patient_1|JIA_patient_3|JIA_patient_6,FALSE,NFKB1,-2.24718107,540
Treg,22,3,JIA_patient_1|JIA_patient_3|JIA_patient_6,FALSE,STAT3,-2.68578011,568
Treg,22,3,JIA_patient_1|JIA_patient_3|JIA_patient_6,FALSE,CREB1,-0.47096354,313
Treg,22,3,JIA_patient_1|JIA_patient_3|JIA_patient_6,FALSE,ATF3,-1.67528832,496
Treg,22,3,JIA_patient_1|JIA_patient_3|JIA_patient_6,FALSE,REL,-2.28553104,546
Treg,22,3,JIA_patient_1|JIA_patient_3|JIA_patient_6,FALSE,HSF1,-1.08161994,406
Treg,22,3,JIA_patient_1|JIA_patient_3|JIA_patient_6,FALSE,EPAS1,-2.67600321,566
Treg,23,3,JIA_patient_2|JIA_patient_3|JIA_patient_6,FALSE,HIF1A,-1.499376,502
Treg,23,3,JIA_patient_2|JIA_patient_3|JIA_patient_6,FALSE,NFKB1,0.549844113,160
Treg,23,3,JIA_patient_2|JIA_patient_3|JIA_patient_6,FALSE,STAT3,0.161553901,230
Treg,23,3,JIA_patient_2|JIA_patient_3|JIA_patient_6,FALSE,CREB1,0.159087857,231
Treg,23,3,JIA_patient_2|JIA_patient_3|JIA_patient_6,FALSE,ATF3,-2.37999578,577
Treg,23,3,JIA_patient_2|JIA_patient_3|JIA_patient_6,FALSE,REL,-2.02734691,555
Treg,23,3,JIA_patient_2|JIA_patient_3|JIA_patient_6,FALSE,HSF1,-1.17823728,469
Treg,23,3,JIA_patient_2|JIA_patient_3|JIA_patient_6,FALSE,EPAS1,-0.494841353,362
Treg,24,4,JIA_patient_1|JIA_patient_2|JIA_patient_3|JIA_patient_6,FALSE,HIF1A,-4.32420221,590
Treg,24,4,JIA_patient_1|JIA_patient_2|JIA_patient_3|JIA_patient_6,FALSE,NFKB1,-4.4927051,593
Treg,24,4,JIA_patient_1|JIA_patient_2|JIA_patient_3|JIA_patient_6,FALSE,STAT3,-3.00855673,564
Treg,24,4,JIA_patient_1|JIA_patient_2|JIA_patient_3|JIA_patient_6,FALSE,CREB1,-2.42278153,532
Treg,24,4,JIA_patient_1|JIA_patient_2|JIA_patient_3|JIA_patient_6,FALSE,ATF3,-4.21453301,589
Treg,24,4,JIA_patient_1|JIA_patient_2|JIA_patient_3|JIA_patient_6,FALSE,REL,-4.65866373,595
Treg,24,4,JIA_patient_1|JIA_patient_2|JIA_patient_3|JIA_patient_6,FALSE,HSF1,-3.69383703,581
Treg,24,4,JIA_patient_1|JIA_patient_2|JIA_patient_3|JIA_patient_6,FALSE,EPAS1,-2.47721269,537
Treg,25,2,JIA_patient_4|JIA_patient_6,FALSE,HIF1A,2.63438503,18
Treg,25,2,JIA_patient_4|JIA_patient_6,FALSE,NFKB1,4.15462833,6
Treg,25,2,JIA_patient_4|JIA_patient_6,FALSE,STAT3,2.23808058,25
Treg,25,2,JIA_patient_4|JIA_patient_6,FALSE,CREB1,3.32285924,15
Treg,25,2,JIA_patient_4|JIA_patient_6,FALSE,ATF3,1.91527878,37
Treg,25,2,JIA_patient_4|JIA_patient_6,FALSE,REL,4.53820029,3
Treg,25,2,JIA_patient_4|JIA_patient_6,FALSE,HSF1,1.65871566,53
Treg,25,2,JIA_patient_4|JIA_patient_6,FALSE,EPAS1,1.34643525,82
Treg,26,3,JIA_patient_1|JIA_patient_4|JIA_patient_6,FALSE,HIF1A,-1.2472082,444
Treg,26,3,JIA_patient_1|JIA_patient_4|JIA_patient_6,FALSE,NFKB1,-1.40843295,466
Treg,26,3,JIA_patient_1|JIA_patient_4|JIA_patient_6,FALSE,STAT3,-1.76635142,515
Treg,26,3,JIA_patient_1|JIA_patient_4|JIA_patient_6,FALSE,CREB1,0.221330138,180
Treg,26,3,JIA_patient_1|JIA_patient_4|JIA_patient_6,FALSE,ATF3,-0.695466438,361
Treg,26,3,JIA_patient_1|JIA_patient_4|JIA_patient_6,FALSE,REL,0.515235866,136
Treg,26,3,JIA_patient_1|JIA_patient_4|JIA_patient_6,FALSE,HSF1,-1.64614259,502
Treg,26,3,JIA_patient_1|JIA_patient_4|JIA_patient_6,FALSE,EPAS1,-0.726015007,364
Treg,27,3,JIA_patient_2|JIA_patient_4|JIA_patient_6,FALSE,HIF1A,-1.08368349,451
Treg,27,3,JIA_patient_2|JIA_patient_4|JIA_patient_6,FALSE,NFKB1,1.33894654,52
Treg,27,3,JIA_patient_2|JIA_patient_4|JIA_patient_6,FALSE,STAT3,0.718248789,120
Treg,27,3,JIA_patient_2|JIA_patient_4|JIA_patient_6,FALSE,CREB1,0.6720382,129
Treg,27,3,JIA_patient_2|JIA_patient_4|JIA_patient_6,FALSE,ATF3,-2.01143755,552
Treg,27,3,JIA_patient_2|JIA_patient_4|JIA_patient_6,FALSE,REL,0.900051809,98
Treg,27,3,JIA_patient_2|JIA_patient_4|JIA_patient_6,FALSE,HSF1,-1.96195937,550
Treg,27,3,JIA_patient_2|JIA_patient_4|JIA_patient_6,FALSE,EPAS1,1.15591749,72
Treg,28,4,JIA_patient_1|JIA_patient_2|JIA_patient_4|JIA_patient_6,FALSE,HIF1A,-4.30571343,593
Treg,28,4,JIA_patient_1|JIA_patient_2|JIA_patient_4|JIA_patient_6,FALSE,NFKB1,-4.20138207,591
Treg,28,4,JIA_patient_1|JIA_patient_2|JIA_patient_4|JIA_patient_6,FALSE,STAT3,-2.74224657,550
Treg,28,4,JIA_patient_1|JIA_patient_2|JIA_patient_4|JIA_patient_6,FALSE,CREB1,-2.17964376,514
Treg,28,4,JIA_patient_1|JIA_patient_2|JIA_patient_4|JIA_patient_6,FALSE,ATF3,-3.96249394,589
Treg,28,4,JIA_patient_1|JIA_patient_2|JIA_patient_4|JIA_patient_6,FALSE,REL,-2.53197509,533
Treg,28,4,JIA_patient_1|JIA_patient_2|JIA_patient_4|JIA_patient_6,FALSE,HSF1,-4.24577566,592
Treg,28,4,JIA_patient_1|JIA_patient_2|JIA_patient_4|JIA_patient_6,FALSE,EPAS1,-1.18530484,390
Treg,29,3,JIA_patient_3|JIA_patient_4|JIA_patient_6,FALSE,HIF1A,-2.75450646,555
Treg,29,3,JIA_patient_3|JIA_patient_4|JIA_patient_6,FALSE,NFKB1,-0.954876296,360
Treg,29,3,JIA_patient_3|JIA_patient_4|JIA_patient_6,FALSE,STAT3,-3.82956723,585
Treg,29,3,JIA_patient_3|JIA_patient_4|JIA_patient_6,FALSE,CREB1,-1.44636581,432
Treg,29,3,JIA_patient_3|JIA_patient_4|JIA_patient_6,FALSE,ATF3,-1.83539441,481
Treg,29,3,JIA_patient_3|JIA_patient_4|JIA_patient_6,FALSE,REL,-1.44788455,433
Treg,29,3,JIA_patient_3|JIA_patient_4|JIA_patient_6,FALSE,HSF1,-2.03040309,497
Treg,29,3,JIA_patient_3|JIA_patient_4|JIA_patient_6,FALSE,EPAS1,-1.23862336,399
Treg,30,4,JIA_patient_1|JIA_patient_3|JIA_patient_4|JIA_patient_6,FALSE,HIF1A,-4.65534904,585
Treg,30,4,JIA_patient_1|JIA_patient_3|JIA_patient_4|JIA_patient_6,FALSE,NFKB1,-4.04108356,578
Treg,30,4,JIA_patient_1|JIA_patient_3|JIA_patient_4|JIA_patient_6,FALSE,STAT3,-5.51275137,592
Treg,30,4,JIA_patient_1|JIA_patient_3|JIA_patient_4|JIA_patient_6,FALSE,CREB1,-3.10897227,551
Treg,30,4,JIA_patient_1|JIA_patient_3|JIA_patient_4|JIA_patient_6,FALSE,ATF3,-3.09330152,550
Treg,30,4,JIA_patient_1|JIA_patient_3|JIA_patient_4|JIA_patient_6,FALSE,REL,-3.08940754,549
Treg,30,4,JIA_patient_1|JIA_patient_3|JIA_patient_4|JIA_patient_6,FALSE,HSF1,-3.66441199,573
Treg,30,4,JIA_patient_1|JIA_patient_3|JIA_patient_4|JIA_patient_6,FALSE,EPAS1,-2.30958874,499
Treg,31,4,JIA_patient_2|JIA_patient_3|JIA_patient_4|JIA_patient_6,FALSE,HIF1A,-5.30146859,597
Treg,31,4,JIA_patient_2|JIA_patient_3|JIA_patient_4|JIA_patient_6,FALSE,NFKB1,-3.21967231,558
Treg,31,4,JIA_patient_2|JIA_patient_3|JIA_patient_4|JIA_patient_6,FALSE,STAT3,-4.55642627,590
Treg,31,4,JIA_patient_2|JIA_patient_3|JIA_patient_4|JIA_patient_6,FALSE,CREB1,-3.35269613,568
Treg,31,4,JIA_patient_2|JIA_patient_3|JIA_patient_4|JIA_patient_6,FALSE,ATF3,-4.755475,592
Treg,31,4,JIA_patient_2|JIA_patient_3|JIA_patient_4|JIA_patient_6,FALSE,REL,-3.71629714,580
Treg,31,4,JIA_patient_2|JIA_patient_3|JIA_patient_4|JIA_patient_6,FALSE,HSF1,-4.5981018,591
Treg,31,4,JIA_patient_2|JIA_patient_3|JIA_patient_4|JIA_patient_6,FALSE,EPAS1,-1.04644579,335
Treg,32,5,JIA_patient_1|JIA_patient_2|JIA_patient_3|JIA_patient_4|JIA_patient_6,FALSE,HIF1A,-6.06717313,595
Treg,32,5,JIA_patient_1|JIA_patient_2|JIA_patient_3|JIA_patient_4|JIA_patient_6,FALSE,NFKB1,-5.76458382,594
Treg,32,5,JIA_patient_1|JIA_patient_2|JIA_patient_3|JIA_patient_4|JIA_patient_6,FALSE,STAT3,-5.53318906,593
Treg,32,5,JIA_patient_1|JIA_patient_2|JIA_patient_3|JIA_patient_4|JIA_patient_6,FALSE,CREB1,-4.57464406,584
Treg,32,5,JIA_patient_1|JIA_patient_2|JIA_patient_3|JIA_patient_4|JIA_patient_6,FALSE,ATF3,-5.2590859,590
Treg,32,5,JIA_patient_1|JIA_patient_2|JIA_patient_3|JIA_patient_4|JIA_patient_6,FALSE,REL,-4.66910327,586
Treg,32,5,JIA_patient_1|JIA_patient_2|JIA_patient_3|JIA_patient_4|JIA_patient_6,FALSE,HSF1,-5.33847373,591
Treg,32,5,JIA_patient_1|JIA_patient_2|JIA_patient_3|JIA_patient_4|JIA_patient_6,FALSE,EPAS1,-2.3432933,491
Treg,33,1,JIA_patient_7,FALSE,HIF1A,6.06717313,7
Treg,33,1,JIA_patient_7,FALSE,NFKB1,5.76458382,8
Treg,33,1,JIA_patient_7,FALSE,STAT3,5.53318906,9
Treg,33,1,JIA_patient_7,FALSE,CREB1,4.57464406,18
Treg,33,1,JIA_patient_7,FALSE,ATF3,5.2590859,12
Treg,33,1,JIA_patient_7,FALSE,REL,4.66910327,16
Treg,33,1,JIA_patient_7,FALSE,HSF1,5.33847373,11
Treg,33,1,JIA_patient_7,FALSE,EPAS1,2.3432933,111
Treg,34,2,JIA_patient_1|JIA_patient_7,FALSE,HIF1A,5.30146859,5
Treg,34,2,JIA_patient_1|JIA_patient_7,FALSE,NFKB1,3.21967231,44
Treg,34,2,JIA_patient_1|JIA_patient_7,FALSE,STAT3,4.55642627,12
Treg,34,2,JIA_patient_1|JIA_patient_7,FALSE,CREB1,3.35269613,34
Treg,34,2,JIA_patient_1|JIA_patient_7,FALSE,ATF3,4.755475,10
Treg,34,2,JIA_patient_1|JIA_patient_7,FALSE,REL,3.71629714,22
Treg,34,2,JIA_patient_1|JIA_patient_7,FALSE,HSF1,4.5981018,11
Treg,34,2,JIA_patient_1|JIA_patient_7,FALSE,EPAS1,1.04644579,267
Treg,35,2,JIA_patient_2|JIA_patient_7,FALSE,HIF1A,4.65534904,17
Treg,35,2,JIA_patient_2|JIA_patient_7,FALSE,NFKB1,4.04108356,24
Treg,35,2,JIA_patient_2|JIA_patient_7,FALSE,STAT3,5.51275137,10
Treg,35,2,JIA_patient_2|JIA_patient_7,FALSE,CREB1,3.10897227,51
Treg,35,2,JIA_patient_2|JIA_patient_7,FALSE,ATF3,3.09330152,52
Treg,35,2,JIA_patient_2|JIA_patient_7,FALSE,REL,3.08940754,53
Treg,35,2,JIA_patient_2|JIA_patient_7,FALSE,HSF1,3.66441199,29
Treg,35,2,JIA_patient_2|JIA_patient_7,FALSE,EPAS1,2.30958874,103
Treg,36,3,JIA_patient_1|JIA_patient_2|JIA_patient_7,FALSE,HIF1A,2.75450646,47
Treg,36,3,JIA_patient_1|JIA_patient_2|JIA_patient_7,FALSE,NFKB1,0.954876296,242
Treg,36,3,JIA_patient_1|JIA_patient_2|JIA_patient_7,FALSE,STAT3,3.82956723,17
Treg,36,3,JIA_patient_1|JIA_patient_2|JIA_patient_7,FALSE,CREB1,1.44636581,170
Treg,36,3,JIA_patient_1|JIA_patient_2|JIA_patient_7,FALSE,ATF3,1.83539441,121
Treg,36,3,JIA_patient_1|JIA_patient_2|JIA_patient_7,FALSE,REL,1.44788455,169
Treg,36,3,JIA_patient_1|JIA_patient_2|JIA_patient_7,FALSE,HSF1,2.03040309,105
Treg,36,3,JIA_patient_1|JIA_patient_2|JIA_patient_7,FALSE,EPAS1,1.23862336,203
Treg,37,2,JIA_patient_3|JIA_patient_7,FALSE,HIF1A,4.30571343,9
Treg,37,2,JIA_patient_3|JIA_patient_7,FALSE,NFKB1,4.20138207,11
Treg,37,2,JIA_patient_3|JIA_patient_7,FALSE,STAT3,2.74224657,52
Treg,37,2,JIA_patient_3|JIA_patient_7,FALSE,CREB1,2.17964376,88
Treg,37,2,JIA_patient_3|JIA_patient_7,FALSE,ATF3,3.96249394,13
Treg,37,2,JIA_patient_3|JIA_patient_7,FALSE,REL,2.53197509,69
Treg,37,2,JIA_patient_3|JIA_patient_7,FALSE,HSF1,4.24577566,10
Treg,37,2,JIA_patient_3|JIA_patient_7,FALSE,EPAS1,1.18530484,212
Treg,38,3,JIA_patient_1|JIA_patient_3|JIA_patient_7,FALSE,HIF1A,1.08368349,151
Treg,38,3,JIA_patient_1|JIA_patient_3|JIA_patient_7,FALSE,NFKB1,-1.33894654,550
Treg,38,3,JIA_patient_1|JIA_patient_3|JIA_patient_7,FALSE,STAT3,-0.718248789,482
Treg,38,3,JIA_patient_1|JIA_patient_3|JIA_patient_7,FALSE,CREB1,-0.6720382,473
Treg,38,3,JIA_patient_1|JIA_patient_3|JIA_patient_7,FALSE,ATF3,2.01143755,50
Treg,38,3,JIA_patient_1|JIA_patient_3|JIA_patient_7,FALSE,REL,-0.900051809,504
Treg,38,3,JIA_patient_1|JIA_patient_3|JIA_patient_7,FALSE,HSF1,1.96195937,52
Treg,38,3,JIA_patient_1|JIA_patient_3|JIA_patient_7,FALSE,EPAS1,-1.15591749,530
Treg,39,3,JIA_patient_2|JIA_patient_3|JIA_patient_7,FALSE,HIF1A,1.2472082,158
Treg,39,3,JIA_patient_2|JIA_patient_3|JIA_patient_7,FALSE,NFKB1,1.40843295,136
Treg,39,3,JIA_patient_2|JIA_patient_3|JIA_patient_7,FALSE,STAT3,1.76635142,87
Treg,39,3,JIA_patient_2|JIA_patient_3|JIA_patient_7,FALSE,CREB1,-0.221330138,422
Treg,39,3,JIA_patient_2|JIA_patient_3|JIA_patient_7,FALSE,ATF3,0.695466438,241
Treg,39,3,JIA_patient_2|JIA_patient_3|JIA_patient_7,FALSE,REL,-0.515235866,466
Treg,39,3,JIA_patient_2|JIA_patient_3|JIA_patient_7,FALSE,HSF1,1.64614259,100
Treg,39,3,JIA_patient_2|JIA_patient_3|JIA_patient_7,FALSE,EPAS1,0.726015007,238
Treg,40,4,JIA_patient_1|JIA_patient_2|JIA_patient_3|JIA_patient_7,FALSE,HIF1A,-2.63438503,584
Treg,40,4,JIA_patient_1|JIA_patient_2|JIA_patient_3|JIA_patient_7,FALSE,NFKB1,-4.15462833,596
Treg,40,4,JIA_patient_1|JIA_patient_2|JIA_patient_3|JIA_patient_7,FALSE,STAT3,-2.23808058,577
Treg,40,4,JIA_patient_1|JIA_patient_2|JIA_patient_3|JIA_patient_7,FALSE,CREB1,-3.32285924,587
Treg,40,4,JIA_patient_1|JIA_patient_2|JIA_patient_3|JIA_patient_7,FALSE,ATF3,-1.91527878,565
Treg,40,4,JIA_patient_1|JIA_patient_2|JIA_patient_3|JIA_patient_7,FALSE,REL,-4.53820029,599
Treg,40,4,JIA_patient_1|JIA_patient_2|JIA_patient_3|JIA_patient_7,FALSE,HSF1,-1.65871566,549
Treg,40,4,JIA_patient_1|JIA_patient_2|JIA_patient_3|JIA_patient_7,FALSE,EPAS1,-1.34643525,520
Treg,41,2,JIA_patient_4|JIA_patient_7,FALSE,HIF1A,4.32420221,12
Treg,41,2,JIA_patient_4|JIA_patient_7,FALSE,NFKB1,4.4927051,9
Treg,41,2,JIA_patient_4|JIA_patient_7,FALSE,STAT3,3.00855673,38
Treg,41,2,JIA_patient_4|JIA_patient_7,FALSE,CREB1,2.42278153,70
Treg,41,2,JIA_patient_4|JIA_patient_7,FALSE,ATF3,4.21453301,13
Treg,41,2,JIA_patient_4|JIA_patient_7,FALSE,REL,4.65866373,7
Treg,41,2,JIA_patient_4|JIA_patient_7,FALSE,HSF1,3.69383703,21
Treg,41,2,JIA_patient_4|JIA_patient_7,FALSE,EPAS1,2.47721269,65
Treg,42,3,JIA_patient_1|JIA_patient_4|JIA_patient_7,FALSE,HIF1A,1.499376,100
Treg,42,3,JIA_patient_1|JIA_patient_4|JIA_patient_7,FALSE,NFKB1,-0.549844113,442
Treg,42,3,JIA_patient_1|JIA_patient_4|JIA_patient_7,FALSE,STAT3,-0.161553901,372
Treg,42,3,JIA_patient_1|JIA_patient_4|JIA_patient_7,FALSE,CREB1,-0.159087857,371
Treg,42,3,JIA_patient_1|JIA_patient_4|JIA_patient_7,FALSE,ATF3,2.37999578,25
Treg,42,3,JIA_patient_1|JIA_patient_4|JIA_patient_7,FALSE,REL,2.02734691,47
Treg,42,3,JIA_patient_1|JIA_patient_4|JIA_patient_7,FALSE,HSF1,1.17823728,133
Treg,42,3,JIA_patient_1|JIA_patient_4|JIA_patient_7,FALSE,EPAS1,0.494841353,240
Treg,43,3,JIA_patient_2|JIA_patient_4|JIA_patient_7,FALSE,HIF1A,2.05472528,76
Treg,43,3,JIA_patient_2|JIA_patient_4|JIA_patient_7,FALSE,NFKB1,2.24718107,62
Treg,43,3,JIA_patient_2|JIA_patient_4|JIA_patient_7,FALSE,STAT3,2.68578011,34
Treg,43,3,JIA_patient_2|JIA_patient_4|JIA_patient_7,FALSE,CREB1,0.47096354,289
Treg,43,3,JIA_patient_2|JIA_patient_4|JIA_patient_7,FALSE,ATF3,1.67528832,106
Treg,43,3,JIA_patient_2|JIA_patient_4|JIA_patient_7,FALSE,REL,2.28553104,56
Treg,43,3,JIA_patient_2|JIA_patient_4|JIA_patient_7,FALSE,HSF1,1.08161994,196
Treg,43,3,JIA_patient_2|JIA_patient_4|JIA_patient_7,FALSE,EPAS1,2.67600321,36
Treg,44,4,JIA_patient_1|JIA_patient_2|JIA_patient_4|JIA_patient_7,FALSE,HIF1A,-2.20645684,578
Treg,44,4,JIA_patient_1|JIA_patient_2|JIA_patient_4|JIA_patient_7,FALSE,NFKB1,-3.76660384,601
Treg,44,4,JIA_patient_1|JIA_patient_2|JIA_patient_4|JIA_patient_7,FALSE,STAT3,-1.56421612,541
Treg,44,4,JIA_patient_1|JIA_patient_2|JIA_patient_4|JIA_patient_7,FALSE,CREB1,-2.83783304,595
Treg,44,4,JIA_patient_1|JIA_patient_2|JIA_patient_4|JIA_patient_7,FALSE,ATF3,-1.26864672,514
Treg,44,4,JIA_patient_1|JIA_patient_2|JIA_patient_4|JIA_patient_7,FALSE,REL,-1.51767334,537
Treg,44,4,JIA_patient_1|JIA_patient_2|JIA_patient_4|JIA_patient_7,FALSE,HSF1,-2.22372321,580
Treg,44,4,JIA_patient_1|JIA_patient_2|JIA_patient_4|JIA_patient_7,FALSE,EPAS1,0.0914848245,251
Treg,45,3,JIA_patient_3|JIA_patient_4|JIA_patient_7,FALSE,HIF1A,-0.0942887874,306
Treg,45,3,JIA_patient_3|JIA_patient_4|JIA_patient_7,FALSE,NFKB1,0.0166037184,282
Treg,45,3,JIA_patient_3|JIA_patient_4|JIA_patient_7,FALSE,STAT3,-2.41286736,580
Treg,45,3,JIA_patient_3|JIA_patient_4|JIA_patient_7,FALSE,CREB1,-1.75214369,546
Treg,45,3,JIA_patient_3|JIA_patient_4|JIA_patient_7,FALSE,ATF3,0.907507163,120
Treg,45,3,JIA_patient_3|JIA_patient_4|JIA_patient_7,FALSE,REL,0.0231969992,280
Treg,45,3,JIA_patient_3|JIA_patient_4|JIA_patient_7,FALSE,HSF1,0.245875032,231
Treg,45,3,JIA_patient_3|JIA_patient_4|JIA_patient_7,FALSE,EPAS1,0.218877007,237
Treg,46,4,JIA_patient_1|JIA_patient_3|JIA_patient_4|JIA_patient_7,FALSE,HIF1A,-3.39586961,580
Treg,46,4,JIA_patient_1|JIA_patient_3|JIA_patient_4|JIA_patient_7,FALSE,NFKB1,-4.82383667,593
Treg,46,4,JIA_patient_1|JIA_patient_3|JIA_patient_4|JIA_patient_7,FALSE,STAT3,-5.4549724,596
Treg,46,4,JIA_patient_1|JIA_patient_3|JIA_patient_4|JIA_patient_7,FALSE,CREB1,-3.99235238,586
Treg,46,4,JIA_patient_1|JIA_patient_3|JIA_patient_4|JIA_patient_7,FALSE,ATF3,-1.18063296,426
Treg,46,4,JIA_patient_1|JIA_patient_3|JIA_patient_4|JIA_patient_7,FALSE,REL,-2.99377161,575
Treg,46,4,JIA_patient_1|JIA_patient_3|JIA_patient_4|JIA_patient_7,FALSE,HSF1,-2.18349655,549
Treg,46,4,JIA_patient_1|JIA_patient_3|JIA_patient_4|JIA_patient_7,FALSE,EPAS1,-1.78487332,515
Treg,47,4,JIA_patient_2|JIA_patient_3|JIA_patient_4|JIA_patient_7,FALSE,HIF1A,-3.66649937,592
Treg,47,4,JIA_patient_2|JIA_patient_3|JIA_patient_4|JIA_patient_7,FALSE,NFKB1,-3.17989058,589
Treg,47,4,JIA_patient_2|JIA_patient_3|JIA_patient_4|JIA_patient_7,FALSE,STAT3,-4.03117416,594
Treg,47,4,JIA_patient_2|JIA_patient_3|JIA_patient_4|JIA_patient_7,FALSE,CREB1,-4.22371137,595
Treg,47,4,JIA_patient_2|JIA_patient_3|JIA_patient_4|JIA_patient_7,FALSE,ATF3,-2.57823614,566
Treg,47,4,JIA_patient_2|JIA_patient_3|JIA_patient_4|JIA_patient_7,FALSE,REL,-3.54511021,591
Treg,47,4,JIA_patient_2|JIA_patient_3|JIA_patient_4|JIA_patient_7,FALSE,HSF1,-2.81083679,577
Treg,47,4,JIA_patient_2|JIA_patient_3|JIA_patient_4|JIA_patient_7,FALSE,EPAS1,-0.113356819,254
Treg,48,5,JIA_patient_1|JIA_patient_2|JIA_patient_3|JIA_patient_4|JIA_patient_7,FALSE,HIF1A,-5.79249434,592
Treg,48,5,JIA_patient_1|JIA_patient_2|JIA_patient_3|JIA_patient_4|JIA_patient_7,FALSE,NFKB1,-6.84347177,595
Treg,48,5,JIA_patient_1|JIA_patient_2|JIA_patient_3|JIA_patient_4|JIA_patient_7,FALSE,STAT3,-6.31136226,594
Treg,48,5,JIA_patient_1|JIA_patient_2|JIA_patient_3|JIA_patient_4|JIA_patient_7,FALSE,CREB1,-5.72108043,591
Treg,48,5,JIA_patient_1|JIA_patient_2|JIA_patient_3|JIA_patient_4|JIA_patient_7,FALSE,ATF3,-3.82423511,582
Treg,48,5,JIA_patient_1|JIA_patient_2|JIA_patient_3|JIA_patient_4|JIA_patient_7,FALSE,REL,-5.85851964,593
Treg,48,5,JIA_patient_1|JIA_patient_2|JIA_patient_3|JIA_patient_4|JIA_patient_7,FALSE,HSF1,-4.16920573,587
Treg,48,5,JIA_patient_1|JIA_patient_2|JIA_patient_3|JIA_patient_4|JIA_patient_7,FALSE,EPAS1,-2.15834506,513
Treg,49,2,JIA_patient_6|JIA_patient_7,FALSE,HIF1A,4.72604926,8
Treg,49,2,JIA_patient_6|JIA_patient_7,FALSE,NFKB1,4.9211855,7
Treg,49,2,JIA_patient_6|JIA_patient_7,FALSE,STAT3,5.63309075,1
Treg,49,2,JIA_patient_6|JIA_patient_7,FALSE,CREB1,4.00992302,12
Treg,49,2,JIA_patient_6|JIA_patient_7,FALSE,ATF3,3.3062227,15
Treg,49,2,JIA_patient_6|JIA_patient_7,FALSE,REL,4.22793356,11
Treg,49,2,JIA_patient_6|JIA_patient_7,FALSE,HSF1,3.21284605,17
Treg,49,2,JIA_patient_6|JIA_patient_7,FALSE,EPAS1,2.02651804,64
Treg,50,3,JIA_patient_1|JIA_patient_6|JIA_patient_7,FALSE,HIF1A,1.46652016,53
Treg,50,3,JIA_patient_1|JIA_patient_6|JIA_patient_7,FALSE,NFKB1,-0.296943839,355
Treg,50,3,JIA_patient_1|JIA_patient_6|JIA_patient_7,FALSE,STAT3,2.65847018,5
Treg,50,3,JIA_patient_1|JIA_patient_6|JIA_patient_7,FALSE,CREB1,1.58507035,44
Treg,50,3,JIA_patient_1|JIA_patient_6|JIA_patient_7,FALSE,ATF3,1.01909772,93
Treg,50,3,JIA_patient_1|JIA_patient_6|JIA_patient_7,FALSE,REL,1.17734646,71
Treg,50,3,JIA_patient_1|JIA_patient_6|JIA_patient_7,FALSE,HSF1,0.852210601,121
Treg,50,3,JIA_patient_1|JIA_patient_6|JIA_patient_7,FALSE,EPAS1,-0.229914399,341
Treg,51,3,JIA_patient_2|JIA_patient_6|JIA_patient_7,FALSE,HIF1A,1.27850418,111
Treg,51,3,JIA_patient_2|JIA_patient_6|JIA_patient_7,FALSE,NFKB1,2.38355544,19
Treg,51,3,JIA_patient_2|JIA_patient_6|JIA_patient_7,FALSE,STAT3,4.54145171,6
Treg,51,3,JIA_patient_2|JIA_patient_6|JIA_patient_7,FALSE,CREB1,2.01913012,32
Treg,51,3,JIA_patient_2|JIA_patient_6|JIA_patient_7,FALSE,ATF3,-0.269931461,383
Treg,51,3,JIA_patient_2|JIA_patient_6|JIA_patient_7,FALSE,REL,0.854735851,156
Treg,51,3,JIA_patient_2|JIA_patient_6|JIA_patient_7,FALSE,HSF1,0.103594689,310
Treg,51,3,JIA_patient_2|JIA_patient_6|JIA_patient_7,FALSE,EPAS1,1.67198474,54
Treg,52,4,JIA_patient_1|JIA_patient_2|JIA_patient_6|JIA_patient_7,FALSE,HIF1A,-2.48097098,575
Treg,52,4,JIA_patient_1|JIA_patient_2|JIA_patient_6|JIA_patient_7,FALSE,NFKB1,-3.11884065,591
Treg,52,4,JIA_patient_1|JIA_patient_2|JIA_patient_6|JIA_patient_7,FALSE,STAT3,0.690773683,126
Treg,52,4,JIA_patient_1|JIA_patient_2|JIA_patient_6|JIA_patient_7,FALSE,CREB1,-0.918671241,415
Treg,52,4,JIA_patient_1|JIA_patient_2|JIA_patient_6|JIA_patient_7,FALSE,ATF3,-2.39717369,570
Treg,52,4,JIA_patient_1|JIA_patient_2|JIA_patient_6|JIA_patient_7,FALSE,REL,-2.28096636,562
Treg,52,4,JIA_patient_1|JIA_patient_2|JIA_patient_6|JIA_patient_7,FALSE,HSF1,-2.51746924,578
Treg,52,4,JIA_patient_1|JIA_patient_2|JIA_patient_6|JIA_patient_7,FALSE,EPAS1,-0.719613129,378
Treg,53,3,JIA_patient_3|JIA_patient_6|JIA_patient_7,FALSE,HIF1A,-0.47952042,330
Treg,53,3,JIA_patient_3|JIA_patient_6|JIA_patient_7,FALSE,NFKB1,0.136650957,175
Treg,53,3,JIA_patient_3|JIA_patient_6|JIA_patient_7,FALSE,STAT3,-0.0940027327,227
Treg,53,3,JIA_patient_3|JIA_patient_6|JIA_patient_7,FALSE,CREB1,-0.623930987,359
Treg,53,3,JIA_patient_3|JIA_patient_6|JIA_patient_7,FALSE,ATF3,-0.403633705,305
Treg,53,3,JIA_patient_3|JIA_patient_6|JIA_patient_7,FALSE,REL,-1.0360939,435
Treg,53,3,JIA_patient_3|JIA_patient_6|JIA_patient_7,FALSE,HSF1,-0.24609186,262
Treg,53,3,JIA_patient_3|JIA_patient_6|JIA_patient_7,FALSE,EPAS1,-0.766138672,384
Treg,54,4,JIA_patient_1|JIA_patient_3|JIA_patient_6|JIA_patient_7,FALSE,HIF1A,-4.07291272,584
Treg,54,4,JIA_patient_1|JIA_patient_3|JIA_patient_6|JIA_patient_7,FALSE,NFKB1,-5.39892828,593
Treg,54,4,JIA_patient_1|JIA_patient_3|JIA_patient_6|JIA_patient_7,FALSE,STAT3,-3.70241374,578
Treg,54,4,JIA_patient_1|JIA_patient_3|JIA_patient_6|JIA_patient_7,FALSE,CREB1,-3.3975318,571
Treg,54,4,JIA_patient_1|JIA_patient_3|JIA_patient_6|JIA_patient_7,FALSE,ATF3,-2.7343717,542
Treg,54,4,JIA_patient_1|JIA_patient_3|JIA_patient_6|JIA_patient_7,FALSE,REL,-4.15957673,585
Treg,54,4,JIA_patient_1|JIA_patient_3|JIA_patient_6|JIA_patient_7,FALSE,HSF1,-3.0225951,554
Treg,54,4,JIA_patient_1|JIA_patient_3|JIA_patient_6|JIA_patient_7,FALSE,EPAS1,-2.63117876,534
Treg,55,4,JIA_patient_2|JIA_patient_3|JIA_patient_6|JIA_patient_7,FALSE,HIF1A,-4.23177207,592
Treg,55,4,JIA_patient_2|JIA_patient_3|JIA_patient_6|JIA_patient_7,FALSE,NFKB1,-2.83383253,560
Treg,55,4,JIA_patient_2|JIA_patient_3|JIA_patient_6|JIA_patient_7,FALSE,STAT3,-1.63776344,464
Treg,55,4,JIA_patient_2|JIA_patient_3|JIA_patient_6|JIA_patient_7,FALSE,CREB1,-2.6320044,551
Treg,55,4,JIA_patient_2|JIA_patient_3|JIA_patient_6|JIA_patient_7,FALSE,ATF3,-3.72839535,585
Treg,55,4,JIA_patient_2|JIA_patient_3|JIA_patient_6|JIA_patient_7,FALSE,REL,-4.27090225,593
Treg,55,4,JIA_patient_2|JIA_patient_3|JIA_patient_6|JIA_patient_7,FALSE,HSF1,-3.27778135,575
Treg,55,4,JIA_patient_2|JIA_patient_3|JIA_patient_6|JIA_patient_7,FALSE,EPAS1,-1.04797966,374
Treg,56,5,JIA_patient_1|JIA_patient_2|JIA_patient_3|JIA_patient_6|JIA_patient_7,FALSE,HIF1A,-6.15200793,595
Treg,56,5,JIA_patient_1|JIA_patient_2|JIA_patient_3|JIA_patient_6|JIA_patient_7,FALSE,NFKB1,-6.72562636,596
Treg,56,5,JIA_patient_1|JIA_patient_2|JIA_patient_3|JIA_patient_6|JIA_patient_7,FALSE,STAT3,-4.21704588,578
Treg,56,5,JIA_patient_1|JIA_patient_2|JIA_patient_3|JIA_patient_6|JIA_patient_7,FALSE,CREB1,-4.40430608,582
Treg,56,5,JIA_patient_1|JIA_patient_2|JIA_patient_3|JIA_patient_6|JIA_patient_7,FALSE,ATF3,-4.42553814,583
Treg,56,5,JIA_patient_1|JIA_patient_2|JIA_patient_3|JIA_patient_6|JIA_patient_7,FALSE,REL,-6.03086131,593
Treg,56,5,JIA_patient_1|JIA_patient_2|JIA_patient_3|JIA_patient_6|JIA_patient_7,FALSE,HSF1,-4.86900656,586
Treg,56,5,JIA_patient_1|JIA_patient_2|JIA_patient_3|JIA_patient_6|JIA_patient_7,FALSE,EPAS1,-2.58144236,518
Treg,57,3,JIA_patient_4|JIA_patient_6|JIA_patient_7,FALSE,HIF1A,-0.127425777,245
Treg,57,3,JIA_patient_4|JIA_patient_6|JIA_patient_7,FALSE,NFKB1,0.533846941,119
Treg,57,3,JIA_patient_4|JIA_patient_6|JIA_patient_7,FALSE,STAT3,0.2732368,169
Treg,57,3,JIA_patient_4|JIA_patient_6|JIA_patient_7,FALSE,CREB1,0.108700627,205
Treg,57,3,JIA_patient_4|JIA_patient_6|JIA_patient_7,FALSE,ATF3,0.180907615,188
Treg,57,3,JIA_patient_4|JIA_patient_6|JIA_patient_7,FALSE,REL,1.7690782,18
Treg,57,3,JIA_patient_4|JIA_patient_6|JIA_patient_7,FALSE,HSF1,-0.665987792,341
Treg,57,3,JIA_patient_4|JIA_patient_6|JIA_patient_7,FALSE,EPAS1,0.995475092,59
Treg,58,4,JIA_patient_1|JIA_patient_4|JIA_patient_6|JIA_patient_7,FALSE,HIF1A,-3.24396682,566
Treg,58,4,JIA_patient_1|JIA_patient_4|JIA_patient_6|JIA_patient_7,FALSE,NFKB1,-4.24806062,584
Treg,58,4,JIA_patient_1|JIA_patient_4|JIA_patient_6|JIA_patient_7,FALSE,STAT3,-3.06539511,557
Treg,58,4,JIA_patient_1|JIA_patient_4|JIA_patient_6|JIA_patient_7,FALSE,CREB1,-2.4104089,524
Treg,58,4,JIA_patient_1|JIA_patient_4|JIA_patient_6|JIA_patient_7,FALSE,ATF3,-1.87859478,481
Treg,58,4,JIA_patient_1|JIA_patient_4|JIA_patient_6|JIA_patient_7,FALSE,REL,-1.70361541,461
Treg,58,4,JIA_patient_1|JIA_patient_4|JIA_patient_6|JIA_patient_7,FALSE,HSF1,-2.99303934,553
Treg,58,4,JIA_patient_1|JIA_patient_4|JIA_patient_6|JIA_patient_7,FALSE,EPAS1,-1.00619785,355
Treg,59,4,JIA_patient_2|JIA_patient_4|JIA_patient_6|JIA_patient_7,FALSE,HIF1A,-4.10030535,592
Treg,59,4,JIA_patient_2|JIA_patient_4|JIA_patient_6|JIA_patient_7,FALSE,NFKB1,-2.22665152,517
Treg,59,4,JIA_patient_2|JIA_patient_4|JIA_patient_6|JIA_patient_7,FALSE,STAT3,-1.18711994,374
Treg,59,4,JIA_patient_2|JIA_patient_4|JIA_patient_6|JIA_patient_7,FALSE,CREB1,-2.37729725,533
Treg,59,4,JIA_patient_2|JIA_patient_4|JIA_patient_6|JIA_patient_7,FALSE,ATF3,-3.6720566,587
Treg,59,4,JIA_patient_2|JIA_patient_4|JIA_patient_6|JIA_patient_7,FALSE,REL,-1.98322967,491
Treg,59,4,JIA_patient_2|JIA_patient_4|JIA_patient_6|JIA_patient_7,FALSE,HSF1,-4.12233749,593
Treg,59,4,JIA_patient_2|JIA_patient_4|JIA_patient_6|JIA_patient_7,FALSE,EPAS1,0.59316259,92
Treg,60,5,JIA_patient_1|JIA_patient_2|JIA_patient_4|JIA_patient_6|JIA_patient_7,FALSE,HIF1A,-5.85518312,595
Treg,60,5,JIA_patient_1|JIA_patient_2|JIA_patient_4|JIA_patient_6|JIA_patient_7,FALSE,NFKB1,-6.01125145,596
Treg,60,5,JIA_patient_1|JIA_patient_2|JIA_patient_4|JIA_patient_6|JIA_patient_7,FALSE,STAT3,-3.71864263,570
Treg,60,5,JIA_patient_1|JIA_patient_2|JIA_patient_4|JIA_patient_6|JIA_patient_7,FALSE,CREB1,-4.12206127,580
Treg,60,5,JIA_patient_1|JIA_patient_2|JIA_patient_4|JIA_patient_6|JIA_patient_7,FALSE,ATF3,-4.26942882,584
Treg,60,5,JIA_patient_1|JIA_patient_2|JIA_patient_4|JIA_patient_6|JIA_patient_7,FALSE,REL,-3.96861296,575
Treg,60,5,JIA_patient_1|JIA_patient_2|JIA_patient_4|JIA_patient_6|JIA_patient_7,FALSE,HSF1,-5.089997,592
Treg,60,5,JIA_patient_1|JIA_patient_2|JIA_patient_4|JIA_patient_6|JIA_patient_7,FALSE,EPAS1,-1.40269025,389
Treg,61,4,JIA_patient_3|JIA_patient_4|JIA_patient_6|JIA_patient_7,FALSE,HIF1A,-4.32979077,582
Treg,61,4,JIA_patient_3|JIA_patient_4|JIA_patient_6|JIA_patient_7,FALSE,NFKB1,-3.60149047,563
Treg,61,4,JIA_patient_3|JIA_patient_4|JIA_patient_6|JIA_patient_7,FALSE,STAT3,-4.72744091,588
Treg,61,4,JIA_patient_3|JIA_patient_4|JIA_patient_6|JIA_patient_7,FALSE,CREB1,-3.61643062,564
Treg,61,4,JIA_patient_3|JIA_patient_4|JIA_patient_6|JIA_patient_7,FALSE,ATF3,-2.83308325,538
Treg,61,4,JIA_patient_3|JIA_patient_4|JIA_patient_6|JIA_patient_7,FALSE,REL,-3.2082728,552
Treg,61,4,JIA_patient_3|JIA_patient_4|JIA_patient_6|JIA_patient_7,FALSE,HSF1,-3.6336782,567
Treg,61,4,JIA_patient_3|JIA_patient_4|JIA_patient_6|JIA_patient_7,FALSE,EPAS1,-1.40403846,380
Treg,62,5,JIA_patient_1|JIA_patient_3|JIA_patient_4|JIA_patient_6|JIA_patient_7,FALSE,HIF1A,-5.45507006,588
Treg,62,5,JIA_patient_1|JIA_patient_3|JIA_patient_4|JIA_patient_6|JIA_patient_7,FALSE,NFKB1,-5.4081265,587
Treg,62,5,JIA_patient_1|JIA_patient_3|JIA_patient_4|JIA_patient_6|JIA_patient_7,FALSE,STAT3,-5.6079925,589
Treg,62,5,JIA_patient_1|JIA_patient_3|JIA_patient_4|JIA_patient_6|JIA_patient_7,FALSE,CREB1,-4.57917085,581
Treg,62,5,JIA_patient_1|JIA_patient_3|JIA_patient_4|JIA_patient_6|JIA_patient_7,FALSE,ATF3,-2.93066122,531
Treg,62,5,JIA_patient_1|JIA_patient_3|JIA_patient_4|JIA_patient_6|JIA_patient_7,FALSE,REL,-4.05210816,569
Treg,62,5,JIA_patient_1|JIA_patient_3|JIA_patient_4|JIA_patient_6|JIA_patient_7,FALSE,HSF1,-4.15742961,571
Treg,62,5,JIA_patient_1|JIA_patient_3|JIA_patient_4|JIA_patient_6|JIA_patient_7,FALSE,EPAS1,-2.18308024,483
Treg,63,5,JIA_patient_2|JIA_patient_3|JIA_patient_4|JIA_patient_6|JIA_patient_7,FALSE,HIF1A,-6.62634133,597
Treg,63,5,JIA_patient_2|JIA_patient_3|JIA_patient_4|JIA_patient_6|JIA_patient_7,FALSE,NFKB1,-5.20987873,591
Treg,63,5,JIA_patient_2|JIA_patient_3|JIA_patient_4|JIA_patient_6|JIA_patient_7,FALSE,STAT3,-5.28968755,593
Treg,63,5,JIA_patient_2|JIA_patient_3|JIA_patient_4|JIA_patient_6|JIA_patient_7,FALSE,CREB1,-4.80539072,584
Treg,63,5,JIA_patient_2|JIA_patient_3|JIA_patient_4|JIA_patient_6|JIA_patient_7,FALSE,ATF3,-5.01826648,588
Treg,63,5,JIA_patient_2|JIA_patient_3|JIA_patient_4|JIA_patient_6|JIA_patient_7,FALSE,REL,-4.99087881,587
Treg,63,5,JIA_patient_2|JIA_patient_3|JIA_patient_4|JIA_patient_6|JIA_patient_7,FALSE,HSF1,-5.21165333,592
Treg,63,5,JIA_patient_2|JIA_patient_3|JIA_patient_4|JIA_patient_6|JIA_patient_7,FALSE,EPAS1,-1.03554913,298
Treg,64,6,JIA_patient_1|JIA_patient_2|JIA_patient_3|JIA_patient_4|JIA_patient_6|JIA_patient_7,FALSE,HIF1A,-8.29858018,596
Treg,64,6,JIA_patient_1|JIA_patient_2|JIA_patient_3|JIA_patient_4|JIA_patient_6|JIA_patient_7,FALSE,NFKB1,-8.2864824,595
Treg,64,6,JIA_patient_1|JIA_patient_2|JIA_patient_3|JIA_patient_4|JIA_patient_6|JIA_patient_7,FALSE,STAT3,-6.89487265,592
Treg,64,6,JIA_patient_1|JIA_patient_2|JIA_patient_3|JIA_patient_4|JIA_patient_6|JIA_patient_7,FALSE,CREB1,-6.86970008,591
Treg,64,6,JIA_patient_1|JIA_patient_2|JIA_patient_3|JIA_patient_4|JIA_patient_6|JIA_patient_7,FALSE,ATF3,-3.95688097,542
Treg,64,6,JIA_patient_1|JIA_patient_2|JIA_patient_3|JIA_patient_4|JIA_patient_6|JIA_patient_7,FALSE,REL,-7.5586492,594
Treg,64,6,JIA_patient_1|JIA_patient_2|JIA_patient_3|JIA_patient_4|JIA_patient_6|JIA_patient_7,FALSE,HSF1,-5.59955767,581
Treg,64,6,JIA_patient_1|JIA_patient_2|JIA_patient_3|JIA_patient_4|JIA_patient_6|JIA_patient_7,FALSE,EPAS1,-2.79380722,462
